ror_main,country_code
https://ror.org/02e2c7k09,NL
https://ror.org/02tyrky19,IE
https://ror.org/04a1a1e81,IE
https://ror.org/03bea9k73,IE
https://ror.org/05m7pjf47,IE
https://ror.org/03265fv13,IE
https://ror.org/00a0n9e72,IE
https://ror.org/04rswrd78,US
https://ror.org/013meh722,GB
https://ror.org/01yp9g959,GB
https://ror.org/05j0ve876,GB
https://ror.org/01q3tbs38,SA
https://ror.org/01hhn8329,DE
https://ror.org/02c2kyt77,NL
https://ror.org/01k97gp34,DE
https://ror.org/04tsk2644,DE
https://ror.org/05hkkdn48,DE
https://ror.org/00ggpsq73,DE
https://ror.org/024z2rq82,DE
https://ror.org/033bb5z47,DE
https://ror.org/0546hnb39,DE
https://ror.org/01weqhp73,DE
https://ror.org/031bsb921,DE
https://ror.org/00y2z2s03,NL
https://ror.org/027bh9e22,NL
https://ror.org/036x5ad56,LU
https://ror.org/01t178j62,LU
https://ror.org/016xsfp80,NL
https://ror.org/05j00sr48,ZA
https://ror.org/05bk57929,ZA
https://ror.org/03p74gp79,ZA
https://ror.org/016xje988,NA
https://ror.org/00g0p6g84,ZA
https://ror.org/048cwvf49,ZA
https://ror.org/03rp50x72,ZA
https://ror.org/019kgqr73,US
https://ror.org/006hf6230,NL
https://ror.org/048a87296,SE
https://ror.org/040wg7k59,SE
https://ror.org/026vcq606,SE
https://ror.org/033vfbz75,SE
https://ror.org/012a77v79,SE
https://ror.org/01tm6cn81,SE
https://ror.org/05f0yaq80,SE
https://ror.org/05ynxx418,SE
https://ror.org/0093a8w51,SE
https://ror.org/05kb8h459,SE
https://ror.org/043fje207,SE
https://ror.org/03h0qfp10,SE
https://ror.org/051mrsz47,SE
https://ror.org/05wp7an13,SE
https://ror.org/00j9qag85,SE
https://ror.org/05kytsw45,SE
https://ror.org/01fdxwh83,SE
https://ror.org/03t54am93,SE
https://ror.org/00tkrft03,SE
https://ror.org/05s754026,SE
https://ror.org/016st3p78,SE
https://ror.org/019k1pd13,SE
https://ror.org/033003e23,FI
https://ror.org/03yj89h83,FI
https://ror.org/02e8hzf44,FI
https://ror.org/020hwjq30,FI
https://ror.org/05n3dz165,FI
https://ror.org/02hvt5f17,FI
https://ror.org/045ney286,FI
https://ror.org/040af2s02,FI
https://ror.org/00fqdfs68,FI
https://ror.org/05dbzj528,FI
https://ror.org/05vghhr25,FI
https://ror.org/00cyydd11,FI
https://ror.org/0208vgz68,FI
https://ror.org/00bwtjf83,FI
https://ror.org/04b181w54,FI
https://ror.org/05fg6gr82,GR
https://ror.org/04d4d3c02,GR
https://ror.org/03cx6bg69,GR
https://ror.org/04v4g9h31,GR
https://ror.org/052rphn09,GR
https://ror.org/04gnjpq42,GR
https://ror.org/017wvtq80,GR
https://ror.org/00708jp83,GR
https://ror.org/02qs84g94,GR
https://ror.org/02j61yw88,GR
https://ror.org/03bndpq63,GR
https://ror.org/03s262162,GR
https://ror.org/0576by029,GR
https://ror.org/038jp4m40,GR
https://ror.org/00a5pe906,GR
https://ror.org/03bfqnx40,GR
https://ror.org/03zsp3p94,GR
https://ror.org/03f8bz564,GR
https://ror.org/00dr28g20,GR
https://ror.org/00r2r5k05,GR
https://ror.org/01qg3j183,GR
https://ror.org/039ce0m20,GR
https://ror.org/02k5gp281,GR
https://ror.org/01xm4n520,GR
https://ror.org/03yn8s215,AT
https://ror.org/04d836q62,AT
https://ror.org/03prydq77,AT
https://ror.org/04knbh022,AT
https://ror.org/052r2xn60,AT
https://ror.org/00d7xrm67,AT
https://ror.org/03gnh5541,AT
https://ror.org/05q9m0937,AT
https://ror.org/054pv6659,AT
https://ror.org/021kg9v06,AT
https://ror.org/03jqp6d56,AT
https://ror.org/039a2re55,AT
https://ror.org/03gss5916,NO
https://ror.org/05xg72x27,NO
https://ror.org/01xtthb56,NO
https://ror.org/05phns765,NO
https://ror.org/0590dbq33,NO
https://ror.org/03x297z98,NO
https://ror.org/03zga2b32,NO
https://ror.org/00wge5k78,NO
https://ror.org/04q12yn84,NO
https://ror.org/01a77tt86,GB
https://ror.org/01kj2bm70,GB
https://ror.org/04xs57h96,GB
https://ror.org/041kmwe10,GB
https://ror.org/03dvm1235,GB
https://ror.org/027m9bs27,GB
https://ror.org/04h699437,GB
https://ror.org/02jx3x895,GB
https://ror.org/04f0qj703,GB
https://ror.org/00wygct11,GB
https://ror.org/04vg4w365,GB
https://ror.org/0524sp257,GB
https://ror.org/05mzfcs16,GB
https://ror.org/026k5mg93,GB
https://ror.org/01v29qb04,GB
https://ror.org/05t1h8f27,GB
https://ror.org/0267vjk41,GB
https://ror.org/0312pnr83,GB
https://ror.org/01egahc47,GB
https://ror.org/04zfme737,GB
https://ror.org/01k2y1055,GB
https://ror.org/02hstj355,GB
https://ror.org/03angcq70,GB
https://ror.org/04ycpbx82,GB
https://ror.org/00xkeyj56,GB
https://ror.org/04cnfrn26,GB
https://ror.org/01khx4a30,GB
https://ror.org/00hswnk62,GB
https://ror.org/010jbqd54,GB
https://ror.org/03yghzc09,GB
https://ror.org/02mb95055,GB
https://ror.org/02yhrrk59,GB
https://ror.org/02vwnat91,GB
https://ror.org/00dn4t376,GB
https://ror.org/016476m91,GB
https://ror.org/02nkf1q06,GB
https://ror.org/04kp2b655,GB
https://ror.org/03ykbk197,GB
https://ror.org/002h8g185,GB
https://ror.org/05v62cm79,GB
https://ror.org/03zjvnn91,GB
https://ror.org/04mghma93,GB
https://ror.org/03h2bxq36,GB
https://ror.org/045wgfr59,GB
https://ror.org/01rv4p989,GB
https://ror.org/00vs8d940,GB
https://ror.org/03z28gk75,GB
https://ror.org/024mrxd33,GB
https://ror.org/00d6k8y35,GB
https://ror.org/04nkhwh30,GB
https://ror.org/022gstf70,GB
https://ror.org/04p55hr04,GB
https://ror.org/03yeq9x20,GB
https://ror.org/04w3d2v20,GB
https://ror.org/03e5mzp60,GB
https://ror.org/02s08xt61,GB
https://ror.org/05cncd958,GB
https://ror.org/012p63287,NL
https://ror.org/008xxew50,NL
https://ror.org/04pp8hn57,NL
https://ror.org/04dkp9463,NL
https://ror.org/02jz4aj89,NL
https://ror.org/04qw24q55,NL
https://ror.org/038x9td67,NL
https://ror.org/01g25jp36,NL
https://ror.org/02w42ss30,HU
https://ror.org/01pnej532,HU
https://ror.org/01jsq2704,HU
https://ror.org/03zwxja46,HU
https://ror.org/01g9ty582,HU
https://ror.org/05wswj918,HU
https://ror.org/035dsb084,HU
https://ror.org/037b5pv06,HU
https://ror.org/056d84691,SE
https://ror.org/02yy8x990,SE
https://ror.org/03nnxqz81,SE
https://ror.org/0470cgs30,SE
https://ror.org/042t93s57,IT
https://ror.org/00wjc7c48,IT
https://ror.org/01nffqt88,IT
https://ror.org/00s409261,IT
https://ror.org/004fze387,IT
https://ror.org/00bgk9508,IT
https://ror.org/01111rn36,IT
https://ror.org/03aydme10,IT
https://ror.org/00240q980,IT
https://ror.org/01ynf4891,IT
https://ror.org/02rc97e94,IT
https://ror.org/02k7wn190,IT
https://ror.org/03ad39j10,IT
https://ror.org/00s6t1f81,IT
https://ror.org/05ctdxz19,IT
https://ror.org/044k9ta02,IT
https://ror.org/00x27da85,IT
https://ror.org/048tbm396,IT
https://ror.org/02q2d2610,IT
https://ror.org/00qjgza05,IT
https://ror.org/0107c5v14,IT
https://ror.org/0192m2k53,IT
https://ror.org/03a64bh57,IT
https://ror.org/0005w8d69,IT
https://ror.org/02be6w209,IT
https://ror.org/04387x656,IT
https://ror.org/04jr1s763,IT
https://ror.org/003109y17,IT
https://ror.org/041zkgm14,IT
https://ror.org/039bp8j42,IT
https://ror.org/02n742c10,IT
https://ror.org/02p77k626,IT
https://ror.org/04yzxz566,IT
https://ror.org/025602r80,IT
https://ror.org/02d4c4y02,IT
https://ror.org/05vf0dg29,IT
https://ror.org/05trd4x28,IT
https://ror.org/02an8es95,IT
https://ror.org/05ht0mh31,IT
https://ror.org/03tc05689,IT
https://ror.org/01c3rrh15,IT
https://ror.org/00x69rs40,IT
https://ror.org/03fc1k060,IT
https://ror.org/01bnjbv91,IT
https://ror.org/01j9p1r26,IT
https://ror.org/0381bab64,IT
https://ror.org/03c44v465,IT
https://ror.org/04q4kt073,IT
https://ror.org/012ajp527,IT
https://ror.org/04z08z627,IT
https://ror.org/05pcv4v03,IT
https://ror.org/04waf7p94,PL
https://ror.org/01qxm2j98,PL
https://ror.org/02dyjk442,PL
https://ror.org/05e830h62,PL
https://ror.org/000sfad56,PL
https://ror.org/01yzad698,PL
https://ror.org/04g6bbq64,PL
https://ror.org/0102mm775,PL
https://ror.org/04ejdtr48,PL
https://ror.org/034tvp782,PL
https://ror.org/03bqmcz70,PL
https://ror.org/008fyn775,PL
https://ror.org/039bjqg32,PL
https://ror.org/0104rcc94,PL
https://ror.org/05e4zna08,PL
https://ror.org/016f61126,PL
https://ror.org/00s8fpf52,PL
https://ror.org/01n78t774,PL
https://ror.org/00y0xnp53,PL
https://ror.org/01gnp4591,PL
https://ror.org/011dv8m48,PL
https://ror.org/038k3ws77,PL
https://ror.org/00bas1c41,PL
https://ror.org/00p7p3302,PL
https://ror.org/006x4sc24,PL
https://ror.org/01qaqcf60,PL
https://ror.org/00y4ya841,PL
https://ror.org/05fct5h31,PL
https://ror.org/056xse072,PL
https://ror.org/00yae6e25,PL
https://ror.org/005k7hp45,PL
https://ror.org/0596m7f19,PL
https://ror.org/00w3hap50,PL
https://ror.org/05cq64r17,PL
https://ror.org/015h0qg34,PL
https://ror.org/01qpw1b93,PL
https://ror.org/04gbpnx96,PL
https://ror.org/03rvn3n08,PL
https://ror.org/04p2y4s44,PL
https://ror.org/035hkbq39,PL
https://ror.org/049eq0c58,PL
https://ror.org/02t4ekc95,PL
https://ror.org/0566yhn94,PL
https://ror.org/04fzm7v55,PL
https://ror.org/03hq67y94,PL
https://ror.org/01faaaf77,AT
https://ror.org/057ff4y42,AT
https://ror.org/02c5jsm26,AT
https://ror.org/03pt86f80,AT
https://ror.org/01w6qp003,AT
https://ror.org/05ecg5h20,NO
https://ror.org/02qte9q33,NO
https://ror.org/03hrf8236,NO
https://ror.org/00q7d9z06,NO
https://ror.org/01f677e56,NO
https://ror.org/04a1mvv97,NO
https://ror.org/04gf7fp41,NO
https://ror.org/032ksge37,NO
https://ror.org/04zaypm56,IT
https://ror.org/02ws1xc11,ES
https://ror.org/03yxnpp24,ES
https://ror.org/02gfc7t72,ES
https://ror.org/01xdxns91,ES
https://ror.org/021018s57,ES
https://ror.org/000xsnr85,ES
https://ror.org/050c3cw24,ES
https://ror.org/05rdf8595,ES
https://ror.org/04n0g0b29,ES
https://ror.org/012a91z28,ES
https://ror.org/05t8bcz72,ES
https://ror.org/046ffzj20,ES
https://ror.org/043nxc105,ES
https://ror.org/01460j859,ES
https://ror.org/006gksa02,ES
https://ror.org/01cby8j38,ES
https://ror.org/0553yr311,ES
https://ror.org/02p0gd045,ES
https://ror.org/052g8jq94,ES
https://ror.org/03mb6wj31,ES
https://ror.org/04njjy449,ES
https://ror.org/05r78ng12,ES
https://ror.org/04p9k2z50,ES
https://ror.org/00g5sqv46,ES
https://ror.org/02rxc7m23,ES
https://ror.org/01fvbaw18,ES
https://ror.org/04pmn0e78,ES
https://ror.org/03p3aeb86,ES
https://ror.org/036b2ww28,ES
https://ror.org/03ths8210,ES
https://ror.org/02f40zc51,ES
https://ror.org/049da5t36,ES
https://ror.org/04mxxkb11,ES
https://ror.org/02z749649,ES
https://ror.org/0122p5f64,ES
https://ror.org/03e10x626,ES
https://ror.org/003d3xx08,ES
https://ror.org/030eybx10,ES
https://ror.org/0174shg90,ES
https://ror.org/01qckj285,ES
https://ror.org/01r9z8p25,ES
https://ror.org/05yc77b46,ES
https://ror.org/01v5cv687,ES
https://ror.org/02z0cah89,ES
https://ror.org/03a1kt624,ES
https://ror.org/01azzms13,ES
https://ror.org/02msb5n36,ES
https://ror.org/01teme464,ES
https://ror.org/03qn8fb07,AU
https://ror.org/029pk6x14,FI
https://ror.org/05hppb561,FI
https://ror.org/01hxy9878,IE
https://ror.org/048nfjm95,IE
https://ror.org/04t0qbt32,IE
https://ror.org/050mac570,SI
https://ror.org/01d5jce07,SI
https://ror.org/05njb9z20,SI
https://ror.org/05060sz93,SI
https://ror.org/00mw0tw28,SI
https://ror.org/02vh8a032,TR
https://ror.org/03z9tma90,TR
https://ror.org/03stptj97,TR
https://ror.org/04nqdwb39,TR
https://ror.org/014weej12,TR
https://ror.org/047g8vk19,TR
https://ror.org/00jzwgz36,TR
https://ror.org/01wntqw50,TR
https://ror.org/059636586,TR
https://ror.org/05rsv8p09,TR
https://ror.org/04w9kkr77,TR
https://ror.org/0411seq30,TR
https://ror.org/00zdyy359,TR
https://ror.org/0547yzj13,TR
https://ror.org/04kwvgz42,TR
https://ror.org/054xkpr46,TR
https://ror.org/05es91y67,TR
https://ror.org/049asqa32,TR
https://ror.org/03je5c526,TR
https://ror.org/00dbd8b73,TR
https://ror.org/01sdnnq10,TR
https://ror.org/05hp77p11,TR
https://ror.org/02eaafc18,TR
https://ror.org/04asck240,TR
https://ror.org/01dzn5f42,TR
https://ror.org/01dzjez04,TR
https://ror.org/03ewx7v96,TR
https://ror.org/025mx2575,TR
https://ror.org/04z60tq39,TR
https://ror.org/04f81fm77,TR
https://ror.org/05n2cz176,TR
https://ror.org/00yze4d93,TR
https://ror.org/041jyzp61,TR
https://ror.org/01x1kqx83,TR
https://ror.org/02s82rs08,TR
https://ror.org/03ejnre35,TR
https://ror.org/03hx84x94,TR
https://ror.org/01jjhfr75,TR
https://ror.org/03zzckc47,TR
https://ror.org/04r0hn449,TR
https://ror.org/05nz37n09,TR
https://ror.org/00nt41z93,PT
https://ror.org/037wpkx04,PT
https://ror.org/04z8k9a98,PT
https://ror.org/04dv3aq25,PT
https://ror.org/043pwc612,PT
https://ror.org/04988re48,PT
https://ror.org/01c27hj86,PT
https://ror.org/02xankh89,PT
https://ror.org/03qc8vh97,PT
https://ror.org/03b9snr86,PT
https://ror.org/0442zbe52,PT
https://ror.org/00prsav78,PT
https://ror.org/01n8x4993,PT
https://ror.org/03nf36p02,PT
https://ror.org/05xxfer42,PT
https://ror.org/04ea70f07,PT
https://ror.org/02gyps716,PT
https://ror.org/03g001n57,PT
https://ror.org/014g34x36,PT
https://ror.org/04h8e7606,PT
https://ror.org/05vnksv67,PT
https://ror.org/00t9n0h58,PT
https://ror.org/00w7v1v77,PT
https://ror.org/01prbq409,PT
https://ror.org/03mx8d427,PT
https://ror.org/00w7bj245,PT
https://ror.org/04276xd64,PT
https://ror.org/04b08hq31,PT
https://ror.org/0145fw131,CN
https://ror.org/052gg0110,GB
https://ror.org/00vtgdb53,GB
https://ror.org/00n3w3b69,GB
https://ror.org/03gq8fr08,GB
https://ror.org/03x94j517,GB
https://ror.org/00ks66431,GB
https://ror.org/01nrxwf90,GB
https://ror.org/02wn5qz54,GB
https://ror.org/01ee9ar58,GB
https://ror.org/019wt1929,GB
https://ror.org/0220mzb33,GB
https://ror.org/055zmrh94,GB
https://ror.org/053fq8t95,GB
https://ror.org/00340yn33,GB
https://ror.org/03kk7td41,GB
https://ror.org/01ryk1543,GB
https://ror.org/057g20z61,GB
https://ror.org/026zzn846,GB
https://ror.org/04m01e293,GB
https://ror.org/05krs5044,GB
https://ror.org/04f2nsd36,GB
https://ror.org/00tw3jy02,GB
https://ror.org/049e6bc10,GB
https://ror.org/02nwg5t34,GB
https://ror.org/04tnbqb63,GB
https://ror.org/01egwg173,GB
https://ror.org/008n7pv89,GB
https://ror.org/0089bg420,GB
https://ror.org/04xyxjd90,GB
https://ror.org/05bbqza97,GB
https://ror.org/054225q67,GB
https://ror.org/00ayhx656,GB
https://ror.org/015m2p889,GB
https://ror.org/01d5qpn59,GB
https://ror.org/0001h1y25,GB
https://ror.org/01tmqtf75,GB
https://ror.org/01s033b11,GB
https://ror.org/04qxnmv42,CZ
https://ror.org/03613d656,CZ
https://ror.org/04nayfw11,CZ
https://ror.org/024d6js02,CZ
https://ror.org/05ggn0a85,CZ
https://ror.org/02yhj4v17,CZ
https://ror.org/02j46qs45,CZ
https://ror.org/05wrbcx33,CZ
https://ror.org/00wzqmx94,CZ
https://ror.org/01chzd453,CZ
https://ror.org/058aeep47,CZ
https://ror.org/02zyjt610,CZ
https://ror.org/026ny0e17,CA
https://ror.org/04mte1k06,CA
https://ror.org/05hepy730,CA
https://ror.org/05p8nb362,CA
https://ror.org/051dzs374,CA
https://ror.org/02qa1x782,CA
https://ror.org/023xf2a37,CA
https://ror.org/02h2x0161,DE
https://ror.org/02nv7yv05,DE
https://ror.org/04z8jg394,DE
https://ror.org/01zy2cs03,DE
https://ror.org/000h6jb29,DE
https://ror.org/02aj13c28,DE
https://ror.org/00cfam450,DE
https://ror.org/01js2sh04,DE
https://ror.org/02k8cbn47,DE
https://ror.org/03d0p2685,DE
https://ror.org/04bwf3e34,DE
https://ror.org/04cdgtt98,DE
https://ror.org/03qjp1d79,DE
https://ror.org/032e6b942,DE
https://ror.org/04p5ggc03,DE
https://ror.org/043j0f473,DE
https://ror.org/05gs8cd61,AT
https://ror.org/01hdkb925,SI
https://ror.org/01y9bpm73,DE
https://ror.org/0304hq317,DE
https://ror.org/04qb8nc58,DE
https://ror.org/010nsgg66,DE
https://ror.org/033n9gh91,DE
https://ror.org/00f2yqf98,DE
https://ror.org/04aj4c181,DE
https://ror.org/0112mx960,JP
https://ror.org/006jb1a24,GB
https://ror.org/03s7gtk40,DE
https://ror.org/04mz5ra38,DE
https://ror.org/046ak2485,DE
https://ror.org/0234wmv40,DE
https://ror.org/0489gab80,DE
https://ror.org/02kkvpp62,DE
https://ror.org/01hcx6992,DE
https://ror.org/01mk1hj86,DE
https://ror.org/05591te55,DE
https://ror.org/03x516a66,DE
https://ror.org/00r1edq15,DE
https://ror.org/01tspta37,DE
https://ror.org/02be22443,DE
https://ror.org/00g30e956,DE
https://ror.org/037p86664,DE
https://ror.org/04zrf7b53,DE
https://ror.org/03jbf6q27,DE
https://ror.org/04t3en479,DE
https://ror.org/04bs1pb34,DE
https://ror.org/033eqas34,DE
https://ror.org/0245cg223,DE
https://ror.org/03p14d497,DE
https://ror.org/00g656d67,DE
https://ror.org/032000t02,DE
https://ror.org/04zb59n70,DE
https://ror.org/01rdrb571,DE
https://ror.org/01jdpyv68,DE
https://ror.org/04zc7p361,DE
https://ror.org/02wxx3e24,DE
https://ror.org/02azyry73,DE
https://ror.org/031vc2293,DE
https://ror.org/04cvxnb49,DE
https://ror.org/05kkv3f82,DE
https://ror.org/05a28rw58,CH
https://ror.org/02s6k3f65,CH
https://ror.org/03eh3y714,CH
https://ror.org/02s376052,CH
https://ror.org/021f7p178,CH
https://ror.org/01ggx4157,CH
https://ror.org/00pc48d59,CH
https://ror.org/02x681a42,CH
https://ror.org/022fs9h90,CH
https://ror.org/04bs5yc70,CH
https://ror.org/02k7v4d05,CH
https://ror.org/02vb7sj25,US
https://ror.org/00ha1f767,ES
https://ror.org/04m7z8d34,ES
https://ror.org/02wh02235,ES
https://ror.org/03x2a1f75,ES
https://ror.org/05t8khn72,ES
https://ror.org/031n2c920,ES
https://ror.org/05dsysc59,ES
https://ror.org/03dpyrm54,ES
https://ror.org/00pfxsh56,ES
https://ror.org/055cmx385,ES
https://ror.org/04nrv3s86,ES
https://ror.org/00v0g9w49,ES
https://ror.org/03v9e8t09,ES
https://ror.org/02hpa6m94,ES
https://ror.org/01y9jdj03,ES
https://ror.org/03cn45t22,IT
https://ror.org/01mqtzm43,ES
https://ror.org/02rgtxm82,ES
https://ror.org/01pf2cj55,ES
https://ror.org/05343aa75,ES
https://ror.org/019pzjm43,ES
https://ror.org/04dgb8y52,ES
https://ror.org/03abrgd14,ES
https://ror.org/022r8mj40,ES
https://ror.org/00rafd796,ES
https://ror.org/00ae13b94,ES
https://ror.org/03fz4fp45,ES
https://ror.org/05jw4kp39,ES
https://ror.org/03kjyy960,ES
https://ror.org/02e9dby02,ES
https://ror.org/05pq8vh42,ES
https://ror.org/0370sk906,ES
https://ror.org/02h7vfp25,ES
https://ror.org/05721rw82,ES
https://ror.org/05hy3q009,ES
https://ror.org/006gw6z14,ES
https://ror.org/015w4v032,ES
https://ror.org/045yy3r21,ES
https://ror.org/028ev2d94,ES
https://ror.org/00drcz023,ES
https://ror.org/00r1wwd23,ES
https://ror.org/004swtw80,ES
https://ror.org/00wq3fc38,ES
https://ror.org/01q9drc95,ES
https://ror.org/04ttfv304,ES
https://ror.org/044mj7r89,ES
https://ror.org/031zwx660,ES
https://ror.org/017xch102,ES
https://ror.org/00bnagp43,ES
https://ror.org/039vw4178,ES
https://ror.org/054df1z79,ES
https://ror.org/03p80e845,ES
https://ror.org/00mcdyn90,ES
https://ror.org/03xk60j79,ES
https://ror.org/000nhpy59,ES
https://ror.org/03ezemd27,ES
https://ror.org/01v5e3436,ES
https://ror.org/04qan0m84,ES
https://ror.org/025580q89,ES
https://ror.org/039ssy097,ES
https://ror.org/0526wrz79,ES
https://ror.org/0391qz193,ES
https://ror.org/01297db79,ES
https://ror.org/02pfge856,ES
https://ror.org/01vbgty78,ES
https://ror.org/038szmr31,ES
https://ror.org/02v6zg374,ES
https://ror.org/00zsy6110,ES
https://ror.org/01hq59z49,ES
https://ror.org/01rm2sw78,ES
https://ror.org/04zdays56,ES
https://ror.org/03nb7bx92,ES
https://ror.org/00tpn9z48,ES
https://ror.org/02wxs2325,ES
https://ror.org/01fah6g03,ES
https://ror.org/02xav4q54,ES
https://ror.org/05ncvzk72,ES
https://ror.org/04ka0vh05,ES
https://ror.org/051p0fy59,ES
https://ror.org/03vht8z34,ES
https://ror.org/03s0hv140,ES
https://ror.org/03c0ach84,ES
https://ror.org/00fkwx227,ES
https://ror.org/04qayn356,ES
https://ror.org/00xk8t981,ES
https://ror.org/018m1s709,ES
https://ror.org/038792a28,ES
https://ror.org/056a37x91,ES
https://ror.org/0199zx576,ES
https://ror.org/04advdf21,ES
https://ror.org/0140hpe71,ES
https://ror.org/012gwbh42,ES
https://ror.org/01a631g06,ES
https://ror.org/04nh79216,AR
https://ror.org/01yhwa418,ES
https://ror.org/04pnym676,ES
https://ror.org/00f3x4340,ES
https://ror.org/05tkyf982,IL
https://ror.org/03qryx823,IL
https://ror.org/0316ej306,IL
https://ror.org/04mhzgx49,IL
https://ror.org/03kgsv495,IL
https://ror.org/03qxff017,IL
https://ror.org/03nz8qe97,IL
https://ror.org/05xvt9f17,NL
https://ror.org/03t4gr691,NL
https://ror.org/03cv38k47,NL
https://ror.org/0575yy874,NL
https://ror.org/018906e22,NL
https://ror.org/05wg1m734,NL
https://ror.org/05grdyy37,NL
https://ror.org/02d9ce178,NL
https://ror.org/01nfmeh72,AU
https://ror.org/019wvm592,AU
https://ror.org/01ej9dk98,AU
https://ror.org/01sf06y89,AU
https://ror.org/01jmxt844,NZ
https://ror.org/04ttjf776,AU
https://ror.org/047272k79,AU
https://ror.org/03b94tp07,NZ
https://ror.org/03y7q9t39,NZ
https://ror.org/0040r6f76,NZ
https://ror.org/03pnv4752,AU
https://ror.org/00892tw58,AU
https://ror.org/00rqy9422,AU
https://ror.org/03t52dk35,AU
https://ror.org/02bfwt286,AU
https://ror.org/013fsnh78,NZ
https://ror.org/0384j8v12,AU
https://ror.org/01rxfrp27,AU
https://ror.org/052czxv31,NZ
https://ror.org/031rekg67,AU
https://ror.org/02n415q13,AU
https://ror.org/02sc3r913,AU
https://ror.org/00eae9z71,AU
https://ror.org/01kpzv902,AU
https://ror.org/01p93h210,AU
https://ror.org/00jtmb277,AU
https://ror.org/04gsp2c11,AU
https://ror.org/02czsnj07,AU
https://ror.org/05j7fep28,AU
https://ror.org/001c2sn75,GB
https://ror.org/04jp2hx10,GB
https://ror.org/05wwcw481,GB
https://ror.org/0090zs177,GB
https://ror.org/00bqvf857,GB
https://ror.org/040f08y74,GB
https://ror.org/02xsh5r57,GB
https://ror.org/057w15z03,NL
https://ror.org/00q6h8f30,NL
https://ror.org/04vgqjj36,SE
https://ror.org/01apvbh93,SE
https://ror.org/02z31g829,SE
https://ror.org/02m62qy71,SE
https://ror.org/00ncfk576,SE
https://ror.org/03q82br40,SE
https://ror.org/002g3cb31,GB
https://ror.org/028ndzd53,GB
https://ror.org/04489at23,GB
https://ror.org/00a0jsq62,GB
https://ror.org/0489ggv38,GB
https://ror.org/00v6s9648,GB
https://ror.org/01tgmhj36,GB
https://ror.org/02jf25180,GB
https://ror.org/04b8v1s79,NL
https://ror.org/000hdh770,SE
https://ror.org/00d973h41,SE
https://ror.org/04vrxay34,GB
https://ror.org/00pxfwe85,GB
https://ror.org/03r8z3t63,AU
https://ror.org/04cxm4j25,AU
https://ror.org/02stey378,AU
https://ror.org/018dfmf50,NL
https://ror.org/01s5jzh92,SE
https://ror.org/05k323c76,SE
https://ror.org/04mj8af82,SE
https://ror.org/04507cg26,SE
https://ror.org/0257kt353,SE
https://ror.org/05rrcem69,US
https://ror.org/04gyf1771,US
https://ror.org/0168r3w48,US
https://ror.org/043mz5j54,US
https://ror.org/02t274463,US
https://ror.org/01an7q238,US
https://ror.org/03nawhv43,US
https://ror.org/046rm7j60,US
https://ror.org/03s65by71,US
https://ror.org/00d9ah105,US
https://ror.org/00f7hpc57,DE
https://ror.org/03606hw36,DE
https://ror.org/03a1kwz48,DE
https://ror.org/04v76ef78,DE
https://ror.org/00pd74e08,DE
https://ror.org/00mx91s63,DE
https://ror.org/0030f2a11,DE
https://ror.org/01c1w6d29,DE
https://ror.org/04vnq7t77,DE
https://ror.org/023b0x485,DE
https://ror.org/041nas322,DE
https://ror.org/058kzsd48,DE
https://ror.org/00b1c9541,DE
https://ror.org/04ers2y35,DE
https://ror.org/00681ts17,DE
https://ror.org/02778hg05,DE
https://ror.org/00fbnyb24,DE
https://ror.org/04qmmjx98,DE
https://ror.org/03k0z2z93,DE
https://ror.org/00613ak93,DE
https://ror.org/03bnmw459,DE
https://ror.org/021k10z87,DE
https://ror.org/018afyw53,DE
https://ror.org/04e8jbs38,DE
https://ror.org/02g01cb27,US
https://ror.org/05ydjnb78,DE
https://ror.org/02n5r1g44,DE
https://ror.org/02w2y2t16,DE
https://ror.org/0473a4773,DE
https://ror.org/02qcqwf93,DE
https://ror.org/015qjqf64,DE
https://ror.org/00k4h2615,DE
https://ror.org/00hvwkt50,DE
https://ror.org/02wt6e634,DE
https://ror.org/05frkc804,DE
https://ror.org/04tkkr536,DE
https://ror.org/04rcqnp59,US
https://ror.org/02pse8162,DE
https://ror.org/03k3ky186,DE
https://ror.org/041bz9r75,DE
https://ror.org/05tbp1g38,DE
https://ror.org/00t3r8h32,DE
https://ror.org/045gmmg53,DE
https://ror.org/001zbj766,DE
https://ror.org/05xdczy51,DE
https://ror.org/03sry2h30,DE
https://ror.org/01t3zke88,DE
https://ror.org/02f9det96,DE
https://ror.org/01k5qnb77,DE
https://ror.org/045y6d111,DE
https://ror.org/05mz2vf33,PL
https://ror.org/02f1mqt91,FR
https://ror.org/056ddyv20,GR
https://ror.org/02kq26x23,GR
https://ror.org/033m02g29,GR
https://ror.org/03xawq568,GR
https://ror.org/00qsdn986,GR
https://ror.org/035hs9g56,GR
https://ror.org/038kffh84,GR
https://ror.org/04yeh8h63,GR
https://ror.org/03dtebk39,GR
https://ror.org/052nhnq73,GH
https://ror.org/00cb23x68,GH
https://ror.org/01jthvx19,GH
https://ror.org/0502vxg14,GH
https://ror.org/01r22mr83,GH
https://ror.org/04yexcn51,GH
https://ror.org/003kqe171,GH
https://ror.org/00cdwva22,GH
https://ror.org/00br9cf93,GH
https://ror.org/05r9rzb75,GH
https://ror.org/0492nfe34,GH
https://ror.org/00y1ekh28,GH
https://ror.org/011kpjv07,GH
https://ror.org/037732v94,GH
https://ror.org/04160ha27,GH
https://ror.org/05crjpb27,IT
https://ror.org/05290cv24,IT
https://ror.org/043qcb444,IT
https://ror.org/0031wrj91,IT
https://ror.org/03h7r5v07,IT
https://ror.org/01tevnk56,IT
https://ror.org/01q8b6q23,IT
https://ror.org/02mbd5571,IT
https://ror.org/02gh4kt33,IT
https://ror.org/02ysayy16,ES
https://ror.org/00bzgd159,ES
https://ror.org/02vznxv75,ES
https://ror.org/031y0e568,ES
https://ror.org/040kx1j83,ES
https://ror.org/05ect0289,ES
https://ror.org/02qeh6420,ES
https://ror.org/01d963745,ES
https://ror.org/002smyt64,ES
https://ror.org/054vff263,ES
https://ror.org/03hasqf61,ES
https://ror.org/01jsenc11,ES
https://ror.org/02bgdk629,ES
https://ror.org/00hsc2364,ES
https://ror.org/01jg7hk52,ES
https://ror.org/002zef647,ES
https://ror.org/009wseg80,ES
https://ror.org/03srn9y98,ES
https://ror.org/056yktd04,ES
https://ror.org/03ycqrz18,ES
https://ror.org/05e0q7s59,ES
https://ror.org/02qqy8j09,ES
https://ror.org/04q93ds34,ES
https://ror.org/01nsd7y51,ES
https://ror.org/05e9bn444,ES
https://ror.org/00k1qja49,ES
https://ror.org/05rtchs68,ES
https://ror.org/03z77qz90,EE
https://ror.org/05mey9k78,EE
https://ror.org/0443cwa12,EE
https://ror.org/00s67c790,EE
https://ror.org/057zh3y96,JP
https://ror.org/02kn6nx58,JP
https://ror.org/035t8zc32,JP
https://ror.org/00ntfnx83,JP
https://ror.org/04ww21r56,JP
https://ror.org/05sj3n476,JP
https://ror.org/01xxp6985,JP
https://ror.org/0197nmd03,JP
https://ror.org/02rqvrp93,JP
https://ror.org/02j6c0d67,JP
https://ror.org/01pa62v70,JP
https://ror.org/02pc6pc55,JP
https://ror.org/017hkng22,JP
https://ror.org/03sf6p593,JP
https://ror.org/05tc07s46,JP
https://ror.org/05n3x4p02,AT
https://ror.org/02zx40v98,AT
https://ror.org/01e41cf67,US
https://ror.org/0046mja08,PS
https://ror.org/0256kw398,PS
https://ror.org/0475kvb92,MD
https://ror.org/05aqyve98,MD
https://ror.org/02b82hk77,MD
https://ror.org/03hd30t45,RO
https://ror.org/03ez40v33,NO
https://ror.org/02w7rbf39,NO
https://ror.org/04dx54y73,NO
https://ror.org/030mwrt98,NO
https://ror.org/04aah1z61,NO
https://ror.org/05vt9qd57,US
https://ror.org/031q21x57,US
https://ror.org/035wtm547,US
https://ror.org/00jmfr291,US
https://ror.org/05p8z3f47,US
https://ror.org/017zqws13,US
https://ror.org/02mpq6x41,US
https://ror.org/04w6xt508,US
https://ror.org/024mw5h28,US
https://ror.org/02k40bc56,US
https://ror.org/01c3xc117,US
https://ror.org/04c4hz115,US
https://ror.org/047426m28,US
https://ror.org/043mer456,US
https://ror.org/04p491231,US
https://ror.org/036jqmy94,US
https://ror.org/01y2jtd41,US
https://ror.org/04keq6987,US
https://ror.org/05hbexn54,US
https://ror.org/05vzqzh92,US
https://ror.org/019whta54,CH
https://ror.org/02crff812,CH
https://ror.org/01swzsf04,CH
https://ror.org/007ygn379,CH
https://ror.org/01xkakk17,CH
https://ror.org/00vasag41,CH
https://ror.org/0561a3s31,CH
https://ror.org/00kgrkn83,CH
https://ror.org/05pmsvm27,CH
https://ror.org/01awgk221,CH
https://ror.org/04d8ztx87,CH
https://ror.org/05ep8g269,CH
https://ror.org/02bnkt322,CH
https://ror.org/05r0ap620,CH
https://ror.org/02tv1yf50,CZ
https://ror.org/0496n6574,CZ
https://ror.org/04z6gwv56,CZ
https://ror.org/04vjwcp92,CZ
https://ror.org/03sx84n71,IE
https://ror.org/013xpqh61,IE
https://ror.org/02dk7c653,IE
https://ror.org/01800zd49,IE
https://ror.org/0038jbq24,GB
https://ror.org/01cerpp10,GB
https://ror.org/00bmj0a71,GB
https://ror.org/043071f54,GB
https://ror.org/04v2twj65,GB
https://ror.org/00t67pt25,GB
https://ror.org/05wtfef22,GB
https://ror.org/045bx8592,GB
https://ror.org/04g2vpn86,GB
https://ror.org/02b5d8509,GB
https://ror.org/05gkzcc88,GB
https://ror.org/04mwwnx67,GB
https://ror.org/04kw8et29,GB
https://ror.org/03kd28f18,GB
https://ror.org/03fmjzx88,GB
https://ror.org/02mzn7s88,GB
https://ror.org/05gd22996,GB
https://ror.org/0067fqk38,GB
https://ror.org/01drpwb22,GB
https://ror.org/035dkdb55,GB
https://ror.org/03ctjbj91,GB
https://ror.org/00ae33288,GB
https://ror.org/044e2ja82,GB
https://ror.org/00z5fkj61,GB
https://ror.org/05xydav19,GB
https://ror.org/023372f11,GB
https://ror.org/029tw2407,GB
https://ror.org/0400avk24,GB
https://ror.org/037wqvd92,GB
https://ror.org/01t884y44,GB
https://ror.org/04r0ks517,GB
https://ror.org/0371kdw96,GB
https://ror.org/03f914y84,GB
https://ror.org/009tnsj43,GB
https://ror.org/0367pw924,US
https://ror.org/02zhqgq86,HK
https://ror.org/00t33hh48,CN
https://ror.org/00q4vv597,CN
https://ror.org/0030zas98,CN
https://ror.org/0563pg902,HK
https://ror.org/01mrkb883,LV
https://ror.org/009xwd568,ZA
https://ror.org/010f1sq29,ZA
https://ror.org/04z6c2n17,ZA
https://ror.org/03r1jm528,ZA
https://ror.org/0184vwv17,ZA
https://ror.org/016sewp10,ZA
https://ror.org/037mrss42,ZA
https://ror.org/056e9h402,ZA
https://ror.org/03v8ter60,ZA
https://ror.org/03m2x1q45,US
https://ror.org/00dqsbj20,US
https://ror.org/00hj54h04,US
https://ror.org/04twxam07,US
https://ror.org/01kd65564,US
https://ror.org/05byvp690,US
https://ror.org/02p5xjf12,US
https://ror.org/04d5vba33,US
https://ror.org/051smbs96,US
https://ror.org/016tfm930,US
https://ror.org/01azfw069,US
https://ror.org/01n51v443,US
https://ror.org/00dz1eb96,TR
https://ror.org/04pm4x478,TR
https://ror.org/020vvc407,TR
https://ror.org/0272rjm42,TR
https://ror.org/02v9bqx10,TR
https://ror.org/02kswqa67,TR
https://ror.org/056hcgc41,TR
https://ror.org/00xa0xn82,TR
https://ror.org/03a5qrr21,TR
https://ror.org/024nx4843,TR
https://ror.org/03081nz23,TR
https://ror.org/013z3yn41,TR
https://ror.org/04pd3v454,TR
https://ror.org/0285rh439,TR
https://ror.org/04hjr4202,TR
https://ror.org/00excyz84,CY
https://ror.org/02s8x5a25,KZ
https://ror.org/02j8k6t75,TR
https://ror.org/05ryemn72,TR
https://ror.org/05jz51y94,TR
https://ror.org/04qvdf239,TR
https://ror.org/0145w8333,TR
https://ror.org/00btgsb62,TR
https://ror.org/05jhnwe22,AU
https://ror.org/04r659a56,AU
https://ror.org/048zcaj52,AU
https://ror.org/05qbzwv83,AU
https://ror.org/00wfvh315,AU
https://ror.org/04sjbnx57,AU
https://ror.org/006jxzx88,AU
https://ror.org/023q4bk22,AU
https://ror.org/0124gwh94,NZ
https://ror.org/01zvqw119,NZ
https://ror.org/02bchch95,NZ
https://ror.org/04j757h98,AU
https://ror.org/04hxcaz34,NZ
https://ror.org/04ps1r162,NZ
https://ror.org/05s5aag36,AU
https://ror.org/03yjb2x39,CA
https://ror.org/03dbr7087,CA
https://ror.org/03c4mmv16,CA
https://ror.org/0213rcc28,CA
https://ror.org/01r7awg59,CA
https://ror.org/03rmrcq20,CA
https://ror.org/01aff2v68,CA
https://ror.org/01pxwe438,CA
https://ror.org/048f5b183,CA
https://ror.org/044j76961,CA
https://ror.org/0161xgx34,CA
https://ror.org/03g3p3b82,CA
https://ror.org/0020snb74,CA
https://ror.org/02fa3aq29,CA
https://ror.org/01e6qks80,CA
https://ror.org/0420zvk78,CA
https://ror.org/05fq50484,CA
https://ror.org/02grkyz14,CA
https://ror.org/010x8gc63,CA
https://ror.org/02qtvee93,CA
https://ror.org/00fn7gb05,CA
https://ror.org/049jtt335,CA
https://ror.org/0160cpw27,CA
https://ror.org/02y72wh86,CA
https://ror.org/05nkf0n29,CA
https://ror.org/002rjbv21,CA
https://ror.org/04haebc03,CA
https://ror.org/04s5mat29,CA
https://ror.org/05g13zd79,CA
https://ror.org/02gdzyx04,CA
https://ror.org/025wzwv46,CA
https://ror.org/02xrw9r68,CA
https://ror.org/02gfys938,CA
https://ror.org/04sjchr03,CA
https://ror.org/00839we02,CA
https://ror.org/00y3hzd62,CA
https://ror.org/01gw3d370,CA
https://ror.org/033wcvv61,CA
https://ror.org/003s89n44,CA
https://ror.org/02qp25a50,CA
https://ror.org/02xh9x144,CA
https://ror.org/03ygmq230,CA
https://ror.org/023p7mg82,CA
https://ror.org/05k14ba46,CA
https://ror.org/01v9wj339,CA
https://ror.org/01j2kd606,CA
https://ror.org/04evsam41,CA
https://ror.org/04raxj885,CA
https://ror.org/016zre027,CA
https://ror.org/04td37d32,CA
https://ror.org/04h6w7946,CA
https://ror.org/03rcwtr18,CA
https://ror.org/05wwfbb42,CA
https://ror.org/01eezs655,DE
https://ror.org/05gqaka33,DE
https://ror.org/038t36y30,DE
https://ror.org/02esxtn62,DE
https://ror.org/03zdwsf69,DE
https://ror.org/00ewnj302,IT
https://ror.org/03ec28972,DE
https://ror.org/05nywn832,DE
https://ror.org/032yym934,DE
https://ror.org/03e8s1d88,DE
https://ror.org/03wd03705,LB
https://ror.org/02ysgg478,DE
https://ror.org/024ymtz97,GB
https://ror.org/02f009v59,IL
https://ror.org/027z64205,IL
https://ror.org/009st3569,IL
https://ror.org/01px5cv07,IL
https://ror.org/01539v588,IL
https://ror.org/05e6hcm17,IL
https://ror.org/008x57b05,BE
https://ror.org/00r4sry34,AU
https://ror.org/04s1nv328,AU
https://ror.org/001xkv632,AU
https://ror.org/04tr8pt83,CZ
https://ror.org/028sgmw18,CZ
https://ror.org/05k238v14,CZ
https://ror.org/040t43x18,CZ
https://ror.org/048nxq511,JP
https://ror.org/04ydmy275,US
https://ror.org/03pm18j10,US
https://ror.org/02n1hzn07,US
https://ror.org/02336z538,US
https://ror.org/04a5szx83,US
https://ror.org/0043h8f16,US
https://ror.org/00rwzgx62,US
https://ror.org/036n0x007,US
https://ror.org/04z49n283,US
https://ror.org/029jj9438,US
https://ror.org/05xwb6v37,US
https://ror.org/02ydh7m84,US
https://ror.org/00nsyd297,US
https://ror.org/05kmcre68,US
https://ror.org/00b7x1x53,US
https://ror.org/03k3c2t50,US
https://ror.org/02w0trx84,US
https://ror.org/01wka8n18,GB
https://ror.org/04tz2h245,ES
https://ror.org/014ycqe77,FR
https://ror.org/02bjhwk41,GE
https://ror.org/02j98rq95,UA
https://ror.org/00je4t102,UA
https://ror.org/01a1qdv64,UA
https://ror.org/01gxrtw55,UA
https://ror.org/02xp2c270,UA
https://ror.org/01km14z09,UA
https://ror.org/03qegss47,KE
https://ror.org/02nk5bh05,UA
https://ror.org/00a0kf832,UA
https://ror.org/05hatwc22,UA
https://ror.org/02jv3yx22,UA
https://ror.org/03v48ps49,UA
https://ror.org/058q1cn43,MK
https://ror.org/03b6cpn03,UA
https://ror.org/00j9c2840,NO
https://ror.org/030v5kp38,NO
https://ror.org/05cy4wa09,GB
https://ror.org/00hjz7x27,US
https://ror.org/045e26x92,US
https://ror.org/02wtcj248,AU
https://ror.org/00bx52076,AU
https://ror.org/02p9cyn66,NZ
https://ror.org/00067tc54,AU
https://ror.org/01awp2978,AU
https://ror.org/016gb9e15,AU
https://ror.org/00kybxq39,CA
https://ror.org/04yr71909,CA
https://ror.org/03dzc0485,CA
https://ror.org/01wcaxs37,CA
https://ror.org/056am2717,CA
https://ror.org/01y3xgc52,CA
https://ror.org/010zh7098,CA
https://ror.org/04v3r9z94,GR
https://ror.org/041qv0h25,DE
https://ror.org/05c11k793,DE
https://ror.org/02g2sh456,DE
https://ror.org/04nkken68,DE
https://ror.org/008pp7a77,DE
https://ror.org/04xfq0f34,DE
https://ror.org/01hsw0492,DE
https://ror.org/00a208s56,DE
https://ror.org/00pv45a02,DE
https://ror.org/029brtt94,FR
https://ror.org/03xjwb503,FR
https://ror.org/03wkt5x30,FR
https://ror.org/02en5vm52,FR
https://ror.org/03mkjjy25,FR
https://ror.org/028rypz17,FR
https://ror.org/051kpcy16,FR
https://ror.org/04gyj6s21,FR
https://ror.org/00pg6eq24,FR
https://ror.org/02v6kpv12,FR
https://ror.org/05f82e368,FR
https://ror.org/02vjkv261,FR
https://ror.org/057qpr032,FR
https://ror.org/014zrew76,FR
https://ror.org/02rx3b187,FR
https://ror.org/00jjx8s55,FR
https://ror.org/02kzqn938,FR
https://ror.org/019tgvf94,FR
https://ror.org/00e96v939,FR
https://ror.org/035xkbk20,FR
https://ror.org/033p9g875,FR
https://ror.org/04vfs2w97,FR
https://ror.org/05ggc9x40,FR
https://ror.org/0495fxg12,FR
https://ror.org/01h8pf755,FR
https://ror.org/043htjv09,FR
https://ror.org/03gnr7b55,FR
https://ror.org/051escj72,FR
https://ror.org/04yrqp957,FR
https://ror.org/0175hh227,FR
https://ror.org/02kvxyf05,FR
https://ror.org/003vg9w96,FR
https://ror.org/015m7wh34,FR
https://ror.org/01m84wm78,FR
https://ror.org/00n7gwn90,FR
https://ror.org/04y8cs423,FR
https://ror.org/018pp1107,FR
https://ror.org/005y2ap84,FR
https://ror.org/01gyxrk03,FR
https://ror.org/01a8ajp46,FR
https://ror.org/050jn9y42,FR
https://ror.org/05q3vnk25,FR
https://ror.org/02wwzvj46,FR
https://ror.org/02ryfmr77,GP
https://ror.org/04xhy8q59,FR
https://ror.org/04gqg1a07,FR
https://ror.org/04k8k6n84,FR
https://ror.org/044t4x544,FR
https://ror.org/052bz7812,FR
https://ror.org/02cp04407,FR
https://ror.org/005ypkf75,RE
https://ror.org/025s1b152,FR
https://ror.org/020ws7586,FR
https://ror.org/03gcbhc33,FR
https://ror.org/0406t3m57,FR
https://ror.org/02ezch769,FR
https://ror.org/05v509s40,FR
https://ror.org/001nta019,FR
https://ror.org/05r0ccb59,FR
https://ror.org/00hx6zz33,FR
https://ror.org/01k40cz91,FR
https://ror.org/03pcc9z86,FR
https://ror.org/059n54003,FR
https://ror.org/04xaa4j22,FR
https://ror.org/02m9kbe37,FR
https://ror.org/01mtcc283,FR
https://ror.org/04yznqr36,FR
https://ror.org/053x9s498,FR
https://ror.org/02gdcg342,FR
https://ror.org/03hypw319,FR
https://ror.org/01j4h9t83,NC
https://ror.org/03nhjew95,FR
https://ror.org/03rxtdc22,FR
https://ror.org/01frn9647,FR
https://ror.org/03z6jp965,FR
https://ror.org/00c051916,FR
https://ror.org/04ahh4d11,RO
https://ror.org/03vayv672,HU
https://ror.org/01vxfm326,HU
https://ror.org/02ks8qq67,HU
https://ror.org/01394d192,HU
https://ror.org/02xf66n48,HU
https://ror.org/03y5egs41,HU
https://ror.org/038g7dk46,HU
https://ror.org/00ax71d21,HU
https://ror.org/00r3jwh90,HU
https://ror.org/02kjgsq44,HU
https://ror.org/01w885875,HU
https://ror.org/04091f946,HU
https://ror.org/05v9kya57,HU
https://ror.org/040yeqy86,HU
https://ror.org/031621972,AT
https://ror.org/02ff27430,HU
https://ror.org/01x1yxa13,HU
https://ror.org/04y1zat75,HU
https://ror.org/05x0g9h76,HU
https://ror.org/0486dk737,HU
https://ror.org/05nj7my03,HU
https://ror.org/00p5h5h82,HU
https://ror.org/01zh80k81,HU
https://ror.org/00fcxqx79,HU
https://ror.org/03m7pt185,HU
https://ror.org/01h9sha04,PL
https://ror.org/00r9k8q20,PL
https://ror.org/017enfr88,PL
https://ror.org/04kfyt897,PL
https://ror.org/03zm2br59,PL
https://ror.org/05b7p8k90,PL
https://ror.org/00cm8fy76,PL
https://ror.org/019sbgd69,PL
https://ror.org/03mp6cc45,PL
https://ror.org/05xx8bb48,PL
https://ror.org/020vrnw42,PL
https://ror.org/05sdyjv16,PL
https://ror.org/02yxxe041,PL
https://ror.org/00evbjw38,PL
https://ror.org/037p52j25,PL
https://ror.org/01j9zyw40,PL
https://ror.org/01t81sv44,PL
https://ror.org/04cnktn59,PL
https://ror.org/02w7mbm90,PL
https://ror.org/045r0qf45,PL
https://ror.org/02jzt6t86,PL
https://ror.org/017fyx225,PL
https://ror.org/02k7ex914,PL
https://ror.org/01dr6c206,PL
https://ror.org/04hrrh248,PL
https://ror.org/03fs4aq04,PL
https://ror.org/03j7efk91,PL
https://ror.org/04xk7k966,PL
https://ror.org/025wsd308,PL
https://ror.org/04h3c2e31,PL
https://ror.org/04xdyc983,PL
https://ror.org/02wbgfm85,PL
https://ror.org/00wtrhc98,PL
https://ror.org/05tkv2291,PL
https://ror.org/039bged65,PL
https://ror.org/03kkb8y03,PL
https://ror.org/01e17d143,PL
https://ror.org/00dxzfw25,PL
https://ror.org/0038zp908,PL
https://ror.org/02c3phe56,PL
https://ror.org/00fb7yx07,PL
https://ror.org/02x2xf445,PL
https://ror.org/02xvrx776,PL
https://ror.org/01vzjr049,PL
https://ror.org/0288swk05,PL
https://ror.org/05rdy5005,PL
https://ror.org/04e38yx37,PL
https://ror.org/01pe10g60,PL
https://ror.org/003sdh081,PL
https://ror.org/034dn0836,PL
https://ror.org/02q0p6x28,PL
https://ror.org/00eg81h43,PL
https://ror.org/04qyefj88,PL
https://ror.org/02q3a7088,PL
https://ror.org/02a5meq09,PL
https://ror.org/040r57n67,PL
https://ror.org/00krbh354,PL
https://ror.org/05f8zcs55,PL
https://ror.org/00nx96f80,PL
https://ror.org/05d3ntb42,PL
https://ror.org/01kjc7m95,PL
https://ror.org/003fvp964,PL
https://ror.org/01mcqw380,PL
https://ror.org/01270hm15,PL
https://ror.org/03tq3c028,PL
https://ror.org/044sqta95,PL
https://ror.org/04rc9d057,PL
https://ror.org/05p1pn123,PL
https://ror.org/05abmv045,PL
https://ror.org/0407f1r36,PL
https://ror.org/012dxyr07,PL
https://ror.org/0111cp837,PL
https://ror.org/05s4feg49,PL
https://ror.org/03x3g5758,PL
https://ror.org/02kstzn75,PL
https://ror.org/033wpf256,PL
https://ror.org/05sj5k538,PL
https://ror.org/05pz4yk52,PL
https://ror.org/01v1rak05,PL
https://ror.org/00h8nar58,PL
https://ror.org/02t26g637,DE
https://ror.org/05srvzs48,PL
https://ror.org/046awyn59,PL
https://ror.org/0532c1x92,PL
https://ror.org/00nzsxq20,PL
https://ror.org/05cs8k179,PL
https://ror.org/00pdej676,PL
https://ror.org/03s53tn92,PL
https://ror.org/03tth1e03,PL
https://ror.org/047xkjw67,PL
https://ror.org/018zpxs61,PL
https://ror.org/03jv3zx29,PL
https://ror.org/04vcn6p23,PL
https://ror.org/020atbp69,PL
https://ror.org/02vscf791,PL
https://ror.org/05vmz5070,PL
https://ror.org/0406s2v03,PL
https://ror.org/02sj9tq04,PL
https://ror.org/013sm1c65,PL
https://ror.org/015qjap30,PL
https://ror.org/03pfsnq21,PL
https://ror.org/024zjzd49,PL
https://ror.org/03as2hc70,PL
https://ror.org/02zbb2597,PL
https://ror.org/03gn3ta84,PL
https://ror.org/025ghn770,PL
https://ror.org/00x6dk626,PL
https://ror.org/00qhg0338,PL
https://ror.org/009j14p05,PL
https://ror.org/03b3baf09,PL
https://ror.org/04tgvs825,PL
https://ror.org/02bzfsy61,PL
https://ror.org/02ks0br87,PL
https://ror.org/0468k6j36,PL
https://ror.org/01ew38b77,PL
https://ror.org/01zywja13,PL
https://ror.org/05m2pwn60,PL
https://ror.org/02k3v9512,PL
https://ror.org/02w6v9q55,PL
https://ror.org/00ph65r66,PL
https://ror.org/04a4x4g72,PL
https://ror.org/04kn0zf27,PL
https://ror.org/030mz2444,PL
https://ror.org/032cph770,PL
https://ror.org/02nh4wx40,PL
https://ror.org/0367ap631,PL
https://ror.org/04qcjsm24,PL
https://ror.org/0452jaa17,PL
https://ror.org/04qw9bn98,PL
https://ror.org/03gz68w66,PL
https://ror.org/003g5mn55,PL
https://ror.org/05ty46q84,PL
https://ror.org/03bc0pq34,PL
https://ror.org/03x0yya69,PL
https://ror.org/05f2age66,PL
https://ror.org/033722021,PL
https://ror.org/03m3g5338,PL
https://ror.org/035qf0p33,PL
https://ror.org/055560x25,PL
https://ror.org/01c4qa656,PL
https://ror.org/01ck3zk14,PL
https://ror.org/01vxt3d40,PL
https://ror.org/05pwfyy15,PL
https://ror.org/0262te083,PL
https://ror.org/05dwvd537,PL
https://ror.org/01m3rmj58,PL
https://ror.org/040fc1e14,PL
https://ror.org/05wtrdx73,PL
https://ror.org/01wkb9987,PL
https://ror.org/05s3rgw55,PL
https://ror.org/04r0j3d36,PL
https://ror.org/00jhf1r34,PL
https://ror.org/01q2fk491,PL
https://ror.org/05vy8np18,PL
https://ror.org/0528q1h46,PL
https://ror.org/03053v606,PL
https://ror.org/05qvm1p98,PL
https://ror.org/01xtcza13,PL
https://ror.org/02h8ckc21,PL
https://ror.org/0410xnr11,PL
https://ror.org/05qgkbq61,PL
https://ror.org/0266t3a64,PL
https://ror.org/059ex7y15,PL
https://ror.org/02b5m3n83,PL
https://ror.org/05m8qn763,PL
https://ror.org/00skncc61,PL
https://ror.org/029j2x431,PL
https://ror.org/025ye0d12,PL
https://ror.org/03m9nwf24,PL
https://ror.org/012a85e51,PL
https://ror.org/03dvx1426,PL
https://ror.org/01f4dr878,PL
https://ror.org/04kz5ba43,PL
https://ror.org/04b9a1925,PL
https://ror.org/030zz7j19,PL
https://ror.org/02bt0vt04,PL
https://ror.org/03rq9c547,PL
https://ror.org/01y3dkx74,PL
https://ror.org/01zwfkr30,PL
https://ror.org/052svzr34,PL
https://ror.org/01fbjr446,PL
https://ror.org/000bjk220,PL
https://ror.org/019v0z461,PL
https://ror.org/047ta5t95,PL
https://ror.org/031xy6s33,PL
https://ror.org/01x0ngk19,PL
https://ror.org/01v542j61,PL
https://ror.org/013pbge12,PL
https://ror.org/036d1w285,PL
https://ror.org/00d67eh84,PL
https://ror.org/0496n3z90,PL
https://ror.org/03hb5cs16,PL
https://ror.org/03jp3w522,PL
https://ror.org/05dmdhx59,PL
https://ror.org/02khfkr46,PL
https://ror.org/04qjs4v45,PL
https://ror.org/043k6re07,PL
https://ror.org/01kk1nf20,PL
https://ror.org/01arx1p46,PL
https://ror.org/05695qy17,PL
https://ror.org/03ajsaw82,PL
https://ror.org/0375f2x73,PL
https://ror.org/04wthrp69,PL
https://ror.org/03pw76589,PL
https://ror.org/0365deq57,PL
https://ror.org/03q8fh922,PL
https://ror.org/04e2ggq49,PL
https://ror.org/02zj71846,PL
https://ror.org/024za3n32,PL
https://ror.org/05a550a57,PL
https://ror.org/03sxjf271,PL
https://ror.org/005vjg312,PL
https://ror.org/029mfc453,PL
https://ror.org/03f5avr03,PL
https://ror.org/05113d564,PL
https://ror.org/034741m06,PL
https://ror.org/05kp9g017,PL
https://ror.org/03yntf296,PL
https://ror.org/015qf5s17,PL
https://ror.org/02m1x7h09,PL
https://ror.org/025c3rs34,PL
https://ror.org/028yp0d20,PL
https://ror.org/01bvxnj28,PL
https://ror.org/01bkj6835,PL
https://ror.org/02s7fqp87,PL
https://ror.org/01n80c364,PL
https://ror.org/00523a319,PL
https://ror.org/04hjmn382,PL
https://ror.org/0229g8886,PL
https://ror.org/02vwh7h84,PL
https://ror.org/05dpc2207,PL
https://ror.org/04m6b4442,PL
https://ror.org/046ss3906,PL
https://ror.org/03ha2q922,PL
https://ror.org/01km55q65,PL
https://ror.org/004q3d116,PL
https://ror.org/0163kd003,PL
https://ror.org/02bxtrk46,PL
https://ror.org/00m94dk17,PL
https://ror.org/033a3s432,PL
https://ror.org/03c4atk17,CH
https://ror.org/01qjrx392,LI
https://ror.org/04mq2g308,CH
https://ror.org/04nd0xd48,CH
https://ror.org/02ejkey04,CH
https://ror.org/04bf6dq94,CH
https://ror.org/00w9q2c06,CH
https://ror.org/038mj2660,CH
https://ror.org/00zg4za48,CH
https://ror.org/04sbg3r30,CH
https://ror.org/03mcsbr76,CH
https://ror.org/05m37v666,CH
https://ror.org/05jf1ma54,CH
https://ror.org/0210tb741,DE
https://ror.org/049c2kr37,CH
https://ror.org/02fjgft97,CH
https://ror.org/0235ynq74,CH
https://ror.org/032ymzc07,CH
https://ror.org/048gre751,CH
https://ror.org/00p9jf779,CH
https://ror.org/02dyxwz31,IE
https://ror.org/03ypxwh20,IE
https://ror.org/032fvf508,IE
https://ror.org/02frwys47,IE
https://ror.org/024j9sx72,IE
https://ror.org/04ps1tq95,IE
https://ror.org/0269ncv24,IE
https://ror.org/00k6x1e94,QA
https://ror.org/05v5hg569,QA
https://ror.org/00az5dt38,QA
https://ror.org/01cawbq05,QA
https://ror.org/03vb4dm14,QA
https://ror.org/02jv93662,QA
https://ror.org/0078bd381,QA
https://ror.org/05gd1cs26,QA
https://ror.org/00yhnba62,QA
https://ror.org/03eyq4y97,QA
https://ror.org/02d4f9f51,QA
https://ror.org/029e47x73,QA
https://ror.org/01gshyb58,QA
https://ror.org/041ddxq18,QA
https://ror.org/00g5s2979,QA
https://ror.org/01bgafn72,QA
https://ror.org/02zwb6n98,QA
https://ror.org/01psb9158,QA
https://ror.org/03ctqg407,QA
https://ror.org/03djtgh02,QA
https://ror.org/0146m4n64,QA
https://ror.org/01k999n94,QA
https://ror.org/00c0xnf10,QA
https://ror.org/00dgyys91,QA
https://ror.org/006m74d95,QA
https://ror.org/03acdk243,QA
https://ror.org/013gj1r61,QA
https://ror.org/00x6vsv29,QA
https://ror.org/02g4n1614,QA
https://ror.org/03jtqwv36,QA
https://ror.org/04ck23c90,QA
https://ror.org/05hvam844,QA
https://ror.org/05mx0bp18,QA
https://ror.org/01gntjh03,NL
https://ror.org/05kgbsy64,NL
https://ror.org/023qc4a07,NL
https://ror.org/04xe7ws48,NL
https://ror.org/043c0p156,NL
https://ror.org/05dq4pp56,NL
https://ror.org/028z9kw20,NL
https://ror.org/04kf5kc54,NL
https://ror.org/05fcmfe52,NL
https://ror.org/0481e1q24,NL
https://ror.org/05csn2x06,NL
https://ror.org/00f9tz983,NL
https://ror.org/05p706d77,NL
https://ror.org/030a5r161,NL
https://ror.org/005t9n460,NL
https://ror.org/04jsz6e67,NL
https://ror.org/018t8yw14,NL
https://ror.org/021zvq422,NL
https://ror.org/01jwcme05,NL
https://ror.org/00x7ekv49,NL
https://ror.org/00xqtxw43,NL
https://ror.org/05kaxyq51,NL
https://ror.org/02wc0kq10,NL
https://ror.org/047cqa323,NL
https://ror.org/0500gea42,NL
https://ror.org/03w5dn804,NL
https://ror.org/04crnd335,NL
https://ror.org/008pnp284,NL
https://ror.org/04z3wz653,NL
https://ror.org/02mdbnd10,NL
https://ror.org/05he87q93,NL
https://ror.org/04tj5wz42,NL
https://ror.org/02m6k0m40,NL
https://ror.org/04dde1554,NL
https://ror.org/04x6kq749,NL
https://ror.org/03cfsyg37,NL
https://ror.org/02ar29j81,NL
https://ror.org/05az93f25,NL
https://ror.org/015d5s513,NL
https://ror.org/03124pm05,NL
https://ror.org/000k1q888,NL
https://ror.org/04zmc0e16,NL
https://ror.org/04vtvrr13,NL
https://ror.org/0093src13,NL
https://ror.org/04mfj5474,NL
https://ror.org/00490vc18,NL
https://ror.org/05m4jv490,NL
https://ror.org/03xws5b35,NL
https://ror.org/018bzp792,NL
https://ror.org/02jbv0t02,US
https://ror.org/011q66e29,ES
https://ror.org/009s53a61,ES
https://ror.org/03ha64j07,ES
https://ror.org/03n6nwv02,ES
https://ror.org/01rp06j36,ES
https://ror.org/02k5kx966,ES
https://ror.org/017mdc710,ES
https://ror.org/02tzt0b78,ES
https://ror.org/01tnh0829,ES
https://ror.org/002tzev63,ES
https://ror.org/00wvqgd19,ES
https://ror.org/006zjws59,ES
https://ror.org/04cadha73,ES
https://ror.org/00ne6sr39,ES
https://ror.org/05xx77y52,ES
https://ror.org/01f5wp925,ES
https://ror.org/00tvate34,ES
https://ror.org/054ewwr15,ES
https://ror.org/058nh3n50,ES
https://ror.org/00vkhbp60,ES
https://ror.org/02hb7bm88,FI
https://ror.org/026086s92,FI
https://ror.org/03769b225,FI
https://ror.org/030wyr187,FI
https://ror.org/017qjec28,FI
https://ror.org/03tf0c761,FI
https://ror.org/03dvp8k55,FI
https://ror.org/03vjnqy43,FI
https://ror.org/05jzt8766,FI
https://ror.org/04s0yt949,FI
https://ror.org/013nat269,FI
https://ror.org/00dpnza76,FI
https://ror.org/05cqf4668,FI
https://ror.org/04avm2781,FI
https://ror.org/051v6v138,FI
https://ror.org/05h664633,FI
https://ror.org/01eg9n443,FI
https://ror.org/02t9b8973,FI
https://ror.org/02s466x84,FI
https://ror.org/03hdaef25,FI
https://ror.org/057yw0190,FI
https://ror.org/0238fqd79,FI
https://ror.org/047h64h89,FI
https://ror.org/04qtj9h94,DK
https://ror.org/05bpbnx46,DK
https://ror.org/03yrrjy16,DK
https://ror.org/01aj84f44,DK
https://ror.org/035b05819,DK
https://ror.org/040r8fr65,DK
https://ror.org/00ey0ed83,DK
https://ror.org/04m5j1k67,DK
https://ror.org/02jk5qe80,DK
https://ror.org/02k4b9v70,DK
https://ror.org/0417ye583,DK
https://ror.org/04sppb023,DK
https://ror.org/014axpa37,DK
https://ror.org/0523ssa79,DK
https://ror.org/004r9h172,DK
https://ror.org/03f61zm76,DK
https://ror.org/04ctbxy49,DK
https://ror.org/02309jg23,DK
https://ror.org/0342y5q78,GL
https://ror.org/04dj1na10,DK
https://ror.org/05sv58043,DK
https://ror.org/00h2bx184,DK
https://ror.org/00t5j6b61,GL
https://ror.org/031gjxb79,DK
https://ror.org/056c4z730,DK
https://ror.org/010pvqx55,DK
https://ror.org/004hn8266,DK
https://ror.org/0515pjs57,AT
https://ror.org/03z3mg085,AT
https://ror.org/02fhfw393,AT
https://ror.org/02wfhk785,AT
https://ror.org/02n0bts35,AT
https://ror.org/04t79ze18,AT
https://ror.org/036w00e23,AT
https://ror.org/03k7r0z51,AT
https://ror.org/04v2brz27,AT
https://ror.org/031wyx077,AT
https://ror.org/003f4pg83,AT
https://ror.org/049bdss47,AT
https://ror.org/04jsx0x49,AT
https://ror.org/03ef4a036,AT
https://ror.org/05ag62t55,AT
https://ror.org/00t6gnv18,AT
https://ror.org/0072dxg89,AT
https://ror.org/03kkbqm48,AT
https://ror.org/00eaycp31,AT
https://ror.org/01xb4fs50,KR
https://ror.org/01az7b475,KR
https://ror.org/043k4kk20,KR
https://ror.org/028jp5z02,KR
https://ror.org/04qfph657,KR
https://ror.org/044k0pw44,KR
https://ror.org/0298pes53,KR
https://ror.org/03ysstz10,KR
https://ror.org/035enhp47,KR
https://ror.org/013yz9b19,KR
https://ror.org/01qcq9d74,KR
https://ror.org/01rwkhb30,KR
https://ror.org/03ctacd45,KR
https://ror.org/03ep23f07,KR
https://ror.org/0417sdw47,KR
https://ror.org/0159w2913,KR
https://ror.org/04qh86j58,KR
https://ror.org/04gzcxt97,KR
https://ror.org/005rpmt10,KR
https://ror.org/01k4yrm29,KR
https://ror.org/037pqnq23,KR
https://ror.org/03g03dn68,KR
https://ror.org/04g2pxh42,KR
https://ror.org/059yx9a68,CO
https://ror.org/01d171k92,CO
https://ror.org/03bp5hc83,CO
https://ror.org/04s60rj63,CO
https://ror.org/03y3y9v44,CO
https://ror.org/055d5bf90,CO
https://ror.org/03zb5p722,CO
https://ror.org/0108mwc04,CO
https://ror.org/03etyjw28,CO
https://ror.org/05n0gsn30,CO
https://ror.org/0409zd934,CO
https://ror.org/049n68p64,CO
https://ror.org/02njbw696,CO
https://ror.org/02sqgkj21,CO
https://ror.org/02dxm8k93,CO
https://ror.org/031e6xm45,CO
https://ror.org/01d981710,CO
https://ror.org/00jb9vg53,CO
https://ror.org/01358s213,CO
https://ror.org/02mhbdp94,CO
https://ror.org/03d0jkp23,CO
https://ror.org/02hdnbe80,CO
https://ror.org/030kw0b65,CO
https://ror.org/0474gxy81,CO
https://ror.org/02t54e151,CO
https://ror.org/042335e16,CO
https://ror.org/037p13h95,CO
https://ror.org/02drkkh02,CO
https://ror.org/014hpw227,CO
https://ror.org/04m9gzq43,CO
https://ror.org/00xc1d948,CO
https://ror.org/02jsxd428,CO
https://ror.org/04td15k45,CO
https://ror.org/01r0dam38,CO
https://ror.org/04cjjhh62,CO
https://ror.org/04fybn584,CO
https://ror.org/01v5nhr20,CO
https://ror.org/00gkhpw57,CO
https://ror.org/00dxj9a45,CO
https://ror.org/04wwz3282,CO
https://ror.org/011bqgx84,CO
https://ror.org/04pzf5g91,CO
https://ror.org/038mvjn28,CO
https://ror.org/0289gr697,CO
https://ror.org/02xtwpk10,CO
https://ror.org/01x628269,CO
https://ror.org/04dfr7a85,CO
https://ror.org/047179s14,CO
https://ror.org/05pzmdf74,CO
https://ror.org/031n6w191,CO
https://ror.org/00tncsy16,CO
https://ror.org/04sqpjb51,CO
https://ror.org/00ffq6216,CO
https://ror.org/01h2taq97,CO
https://ror.org/03ca7a577,CO
https://ror.org/01hb6tn62,CO
https://ror.org/01r5afm23,CO
https://ror.org/04dmckt32,CO
https://ror.org/000ymgt65,AT
https://ror.org/04x5wnb75,NL
https://ror.org/046hach49,SE
https://ror.org/0356c4a29,SE
https://ror.org/04zmmpw58,SE
https://ror.org/01aem0w72,SE
https://ror.org/05x4m5564,SE
https://ror.org/02y7nf053,SE
https://ror.org/000nes056,SE
https://ror.org/052tbr029,PL
https://ror.org/0583g9182,PL
https://ror.org/00602gv86,PL
https://ror.org/00s1rmw18,PL
https://ror.org/00vtya531,PL
https://ror.org/01xszvp42,PL
https://ror.org/02r65gs06,PL
https://ror.org/01e0qt032,PL
https://ror.org/01b33j376,PL
https://ror.org/05r88rg69,PL
https://ror.org/03a3j6h47,PL
https://ror.org/0378w3a30,BR
https://ror.org/000vknf06,PL
https://ror.org/02j43z323,PL
https://ror.org/02kx91r96,PL
https://ror.org/002b21721,PL
https://ror.org/012q2m618,PL
https://ror.org/01przwh33,PL
https://ror.org/02z1v3h34,PL
https://ror.org/016yh0k66,PL
https://ror.org/029xngd29,PL
https://ror.org/03cps2823,PL
https://ror.org/02ach0e13,PL
https://ror.org/02xm2e940,PL
https://ror.org/01f51hc20,PL
https://ror.org/03rzp5127,GB
https://ror.org/0009t4v78,GB
https://ror.org/04a7gbp98,GB
https://ror.org/01rhff309,GB
https://ror.org/00ynnr806,GB
https://ror.org/0347fy350,GB
https://ror.org/039zvsn29,GB
https://ror.org/01cy0sz82,GB
https://ror.org/00pggkr55,GB
https://ror.org/04xv01a59,GB
https://ror.org/05twjp994,AT
https://ror.org/01zqrxf85,AT
https://ror.org/04r1x2k35,AT
https://ror.org/01x98fq76,AT
https://ror.org/027ynra39,IT
https://ror.org/0530bdk91,IT
https://ror.org/03vn1bh77,IT
https://ror.org/00qps9a02,IT
https://ror.org/02kqnpp86,IT
https://ror.org/04y4t7k95,IT
https://ror.org/035gh3a49,IT
https://ror.org/041sz8d87,IT
https://ror.org/01xtv3204,IT
https://ror.org/029gmnc79,IT
https://ror.org/05pdvq933,IT
https://ror.org/02g821610,CH
https://ror.org/00rqdn375,CH
https://ror.org/02zzkv309,CH
https://ror.org/039t93g49,CH
https://ror.org/01t75ff47,CH
https://ror.org/03mg0ce08,CH
https://ror.org/05ghhx264,CH
https://ror.org/049bwzr51,CH
https://ror.org/01bvm0h13,CH
https://ror.org/015pmkr43,CH
https://ror.org/0331wat71,NO
https://ror.org/046nvst19,NO
https://ror.org/04zn72g03,NO
https://ror.org/04v53s997,NO
https://ror.org/05vg74d16,NO
https://ror.org/02dx4dc92,NO
https://ror.org/045016w83,NO
https://ror.org/02e50va28,NO
https://ror.org/04aha0598,NO
https://ror.org/02fafrk51,NO
https://ror.org/03wgsrq67,NO
https://ror.org/02jqtg033,NO
https://ror.org/030xrgd02,NO
https://ror.org/02v1rsx93,NO
https://ror.org/04y3kre43,NO
https://ror.org/03avf6522,NO
https://ror.org/04wpcxa25,NO
https://ror.org/02jvh3a15,NO
https://ror.org/01qafy255,NO
https://ror.org/04z1q2j11,NO
https://ror.org/00kxjcd28,NO
https://ror.org/01eeqzy24,NO
https://ror.org/04g3t6s80,NO
https://ror.org/04p2pa451,NO
https://ror.org/001n36p86,NO
https://ror.org/02grxeb87,NO
https://ror.org/02wvb2a30,NO
https://ror.org/03cyjf656,SJ
https://ror.org/00rcxh774,DE
https://ror.org/01n6r0e97,DE
https://ror.org/006k2kk72,DE
https://ror.org/02re32a17,DE
https://ror.org/03vzbgh69,DE
https://ror.org/04hbwba26,DE
https://ror.org/01tvm6f46,DE
https://ror.org/00me29179,DE
https://ror.org/01xnwqx93,DE
https://ror.org/04hbw4m86,DE
https://ror.org/05emabm63,DE
https://ror.org/02jet3w32,DE
https://ror.org/0281dp749,DE
https://ror.org/01zgy1s35,DE
https://ror.org/012m9bp23,DE
https://ror.org/001w7jn25,DE
https://ror.org/00h1x4t21,DE
https://ror.org/04ews3245,DE
https://ror.org/05sxbyd35,DE
https://ror.org/008n8dd57,DE
https://ror.org/04jw21793,DE
https://ror.org/00nvxt968,DE
https://ror.org/042aqky30,DE
https://ror.org/013czdx64,DE
https://ror.org/03v4gjf40,DE
https://ror.org/04za5zm41,DE
https://ror.org/02na8dn90,DE
https://ror.org/029s44460,DE
https://ror.org/04j9bvy88,DE
https://ror.org/02gm5zw39,DE
https://ror.org/00q1fsf04,DE
https://ror.org/00pjgxh97,DE
https://ror.org/02qdc9985,DE
https://ror.org/045495t75,DE
https://ror.org/01856cw59,DE
https://ror.org/04dm1cm79,DE
https://ror.org/014nnvj65,DE
https://ror.org/028hv5492,DE
https://ror.org/02hdxnq28,DE
https://ror.org/0165gz615,DE
https://ror.org/05k5t2r42,DE
https://ror.org/01ygyzs83,DE
https://ror.org/035rzkx15,DE
https://ror.org/006g31f33,DE
https://ror.org/00p1s4075,DE
https://ror.org/02eva5865,DE
https://ror.org/03m2kj587,DE
https://ror.org/03pvr2g57,DE
https://ror.org/02kqy4228,DE
https://ror.org/01226dv09,DE
https://ror.org/05q5pk319,DE
https://ror.org/05qpz1x62,DE
https://ror.org/02qz3vm75,DE
https://ror.org/03k7cjr94,DE
https://ror.org/04fe46645,DE
https://ror.org/059vymd37,DE
https://ror.org/022d5qt08,DE
https://ror.org/04g5gcg95,DE
https://ror.org/04839sh14,DE
https://ror.org/025vngs54,DE
https://ror.org/058rn5r42,DE
https://ror.org/03j1wg370,DE
https://ror.org/00syyqa87,DE
https://ror.org/04sz26p89,DE
https://ror.org/00cd95c65,DE
https://ror.org/00bpta863,DE
https://ror.org/02kw5st29,DE
https://ror.org/032nzv584,DE
https://ror.org/02r625m11,DE
https://ror.org/01hynnt93,DE
https://ror.org/03m04df46,DE
https://ror.org/0050vmv35,DE
https://ror.org/03hpxd290,DE
https://ror.org/02hpadn98,DE
https://ror.org/01evwfd48,DE
https://ror.org/00xmqmx64,DE
https://ror.org/02w6m7e50,DE
https://ror.org/03b0k9c14,DE
https://ror.org/00a7n7g54,DE
https://ror.org/04tqgg260,DE
https://ror.org/04jc43x05,DE
https://ror.org/00shv0x82,DE
https://ror.org/01yhahq71,DE
https://ror.org/03hkr1v69,DE
https://ror.org/02se0t636,DE
https://ror.org/02yvd4j36,DE
https://ror.org/01hmrqc81,DE
https://ror.org/052d1a351,DE
https://ror.org/05n911h24,DE
https://ror.org/001yqrb02,DE
https://ror.org/01k6z4z19,DE
https://ror.org/04enhpe73,DE
https://ror.org/0387prb75,DE
https://ror.org/03f6n9m15,DE
https://ror.org/02r2q1d96,DE
https://ror.org/01t1kq612,DE
https://ror.org/025fw7a54,DE
https://ror.org/039a53269,DE
https://ror.org/04c14rw28,DE
https://ror.org/0560e8961,DE
https://ror.org/00nggaz43,DE
https://ror.org/00yq55g44,DE
https://ror.org/02c22vc57,DE
https://ror.org/03a5xsc56,DE
https://ror.org/00q5t0010,DE
https://ror.org/02m4p8096,DE
https://ror.org/010s54n03,DE
https://ror.org/05m3vpd98,DE
https://ror.org/03cdgfs84,DE
https://ror.org/05txczf44,DE
https://ror.org/05gxyna29,DE
https://ror.org/05e5kd476,DE
https://ror.org/04565hy55,DE
https://ror.org/03gf02c22,DE
https://ror.org/001tbyf75,DE
https://ror.org/02f99v835,DE
https://ror.org/04d62a771,DE
https://ror.org/01j9f6752,DE
https://ror.org/04cwb1p56,DE
https://ror.org/05cj29x94,DE
https://ror.org/01a62v145,DE
https://ror.org/01grm4y17,DE
https://ror.org/006thab72,DE
https://ror.org/03a96gc12,DE
https://ror.org/02bxzcy64,DE
https://ror.org/004hd5y14,DE
https://ror.org/04p61dj41,DE
https://ror.org/03p371b74,DE
https://ror.org/019hjw009,DE
https://ror.org/047wbd030,DE
https://ror.org/04vx4mk32,DE
https://ror.org/00mr84n67,DE
https://ror.org/05wxywg93,DE
https://ror.org/00gzkxz88,DE
https://ror.org/02skbsp27,DE
https://ror.org/02wndzd81,DE
https://ror.org/019w00969,DE
https://ror.org/02jhqqg57,DE
https://ror.org/00fkqwx76,DE
https://ror.org/02fv99722,DE
https://ror.org/039s64n79,DE
https://ror.org/01zwmgk08,DE
https://ror.org/029hg0311,DE
https://ror.org/01ayc5b57,DE
https://ror.org/04b9vrm74,DE
https://ror.org/036ragn25,DE
https://ror.org/01hkc4630,DE
https://ror.org/02m11x738,DE
https://ror.org/01xc6bj88,DE
https://ror.org/03xptr862,DE
https://ror.org/027b9qx26,DE
https://ror.org/02qnsw591,DE
https://ror.org/01gkym270,DE
https://ror.org/03q0ab227,DE
https://ror.org/03mstc592,DE
https://ror.org/01ge5zt06,DE
https://ror.org/01d30w739,DE
https://ror.org/03kzgcv48,DE
https://ror.org/024ga3r86,DE
https://ror.org/00x67m532,DE
https://ror.org/04sy7nb49,DE
https://ror.org/0189raq88,DE
https://ror.org/05w6fhk97,DE
https://ror.org/03mrbr458,DE
https://ror.org/05r3f7h03,DE
https://ror.org/01hnv8x68,DE
https://ror.org/05wwp6197,DE
https://ror.org/01ngpvg12,DE
https://ror.org/04999hq03,DE
https://ror.org/046e0mt33,DE
https://ror.org/02tyer376,DE
https://ror.org/059dyrr28,DE
https://ror.org/03ep3q589,DE
https://ror.org/024j3hn90,DE
https://ror.org/01tbgce33,DE
https://ror.org/006c8a128,DE
https://ror.org/00mbc1g87,DE
https://ror.org/00zbhen47,DE
https://ror.org/04d77de73,DE
https://ror.org/03wz9xk91,DE
https://ror.org/01rfnc002,DE
https://ror.org/01xpfrc74,DE
https://ror.org/02njgxr09,DE
https://ror.org/01rkqb281,DE
https://ror.org/03hj50651,DE
https://ror.org/04tjfqn96,DE
https://ror.org/022r03w28,DE
https://ror.org/01nftxb06,DE
https://ror.org/040aqvh16,DE
https://ror.org/04p7ekn23,DE
https://ror.org/04ms51788,DE
https://ror.org/00k62pe27,DE
https://ror.org/02nrqs528,DE
https://ror.org/0186h8060,DE
https://ror.org/055s37c97,DE
https://ror.org/031ph8d53,DE
https://ror.org/03ty9wj75,DE
https://ror.org/03eznrw16,DE
https://ror.org/05myv7q56,DE
https://ror.org/05m0ggf57,DE
https://ror.org/03yjyed28,DE
https://ror.org/03g7eh380,DE
https://ror.org/01xzwj424,DE
https://ror.org/05vp4ka74,DE
https://ror.org/00s4rmz74,DE
https://ror.org/008qpg558,DE
https://ror.org/012k1v959,DE
https://ror.org/01bk10867,DE
https://ror.org/01mzk5576,DE
https://ror.org/04wdt0z89,DE
https://ror.org/00q644y50,DE
https://ror.org/01kratx56,DE
https://ror.org/0378gm372,DE
https://ror.org/03xh9nq73,DE
https://ror.org/00edvg943,DE
https://ror.org/051qw9f78,DE
https://ror.org/01qymej67,DE
https://ror.org/02yrs2n53,DE
https://ror.org/00yssnc44,DE
https://ror.org/04c7t5k94,DE
https://ror.org/01prjcc04,DE
https://ror.org/00vjd4k74,DE
https://ror.org/03ztgj037,DE
https://ror.org/04gg60e72,DE
https://ror.org/011zjcv36,DE
https://ror.org/029djbz77,DE
https://ror.org/01aa1sn70,DE
https://ror.org/0044w3h23,DE
https://ror.org/04maxh374,DE
https://ror.org/04kdh6x72,DE
https://ror.org/04j351e79,DE
https://ror.org/03vz3qc29,DE
https://ror.org/0076zct58,DE
https://ror.org/01n8j6z65,DE
https://ror.org/001rdde17,DE
https://ror.org/01w0fb867,DE
https://ror.org/03rkmps36,DE
https://ror.org/02msan859,DE
https://ror.org/01k5h5v15,DE
https://ror.org/005xmsp39,DE
https://ror.org/010vbsn33,DE
https://ror.org/05qz2jt34,DE
https://ror.org/02nkxrq89,DE
https://ror.org/032xqbj11,DE
https://ror.org/00f362y94,DE
https://ror.org/02y5mkh60,DE
https://ror.org/021eps607,DE
https://ror.org/03hv28176,DE
https://ror.org/03vgw1v49,DE
https://ror.org/05ex5vz81,DE
https://ror.org/03jvfq589,DE
https://ror.org/035hn3t86,DE
https://ror.org/02a8wk986,DE
https://ror.org/05th1v540,DE
https://ror.org/04wy4bt38,DE
https://ror.org/05jyz4092,DE
https://ror.org/03gzxs418,DE
https://ror.org/04f7jc139,DE
https://ror.org/056tzgr32,DE
https://ror.org/05k35b119,DE
https://ror.org/05pd10v94,DE
https://ror.org/03v7mmm26,DE
https://ror.org/037bsar61,DE
https://ror.org/00ftx0026,DE
https://ror.org/02e5n0e79,DE
https://ror.org/04m2anh63,DE
https://ror.org/02qchbs48,DE
https://ror.org/03w8k6t95,DE
https://ror.org/04g99jx54,DE
https://ror.org/05krxy197,DE
https://ror.org/01fzsd381,DE
https://ror.org/02p5hsv84,DE
https://ror.org/001vjqx13,DE
https://ror.org/03gjpvv92,DE
https://ror.org/05vmv8m79,DE
https://ror.org/010b6ag76,DE
https://ror.org/04eka8j06,DE
https://ror.org/016zq4f37,DE
https://ror.org/015a98c38,DE
https://ror.org/04nvpdc40,CL
https://ror.org/00sngv739,DE
https://ror.org/03xgcq477,DE
https://ror.org/00b6j6x40,DE
https://ror.org/03dv91853,DE
https://ror.org/05wps8h17,EG
https://ror.org/024nr0776,DE
https://ror.org/02jy2nq64,DE
https://ror.org/05j8qnr48,DE
https://ror.org/056z5bx32,DE
https://ror.org/02rtsfd15,DE
https://ror.org/052qdba82,DE
https://ror.org/00qakfc35,DE
https://ror.org/03hj8rz96,DE
https://ror.org/05b38ps04,DE
https://ror.org/04bqwzd17,DE
https://ror.org/05fwp8t64,DE
https://ror.org/01t4pxy10,DE
https://ror.org/04x02q560,DE
https://ror.org/00v1nkq94,DE
https://ror.org/0309m1r07,DE
https://ror.org/01we8bn75,DE
https://ror.org/0420tmj11,DE
https://ror.org/00q08t645,DE
https://ror.org/01vvnmw35,DE
https://ror.org/00e2z2v91,DE
https://ror.org/03czk8k96,DE
https://ror.org/056cezx90,DE
https://ror.org/0329ynx05,DE
https://ror.org/01c0m1t63,DE
https://ror.org/02vvvm705,DE
https://ror.org/03h3w3289,DE
https://ror.org/03zh5eq96,DE
https://ror.org/04vjfp916,DE
https://ror.org/01js9jv94,DE
https://ror.org/049waqj15,DE
https://ror.org/00we5be91,DE
https://ror.org/03326wy09,DE
https://ror.org/026sbm463,DE
https://ror.org/04b404920,DE
https://ror.org/00jbwpt44,DE
https://ror.org/02xdzy536,DE
https://ror.org/01gm0md04,DE
https://ror.org/00a7vgh58,DE
https://ror.org/00txhpa83,DE
https://ror.org/01spy4t79,DE
https://ror.org/039gdg280,DE
https://ror.org/04sms9203,DE
https://ror.org/02e3hdx05,DE
https://ror.org/04nbz6d36,DE
https://ror.org/00dfbms98,DE
https://ror.org/017bbsh25,DE
https://ror.org/00s1ckt27,DE
https://ror.org/00f5q5839,DE
https://ror.org/02nq4wt82,DE
https://ror.org/04t5phd24,DE
https://ror.org/05dkqa017,DE
https://ror.org/00996c044,DE
https://ror.org/00ygfxx68,DE
https://ror.org/03efsge90,DE
https://ror.org/02j0n6s98,DE
https://ror.org/016604a03,DE
https://ror.org/01a2z2x66,DE
https://ror.org/03xg85719,DE
https://ror.org/05k2sh226,DE
https://ror.org/04y9zrf69,DE
https://ror.org/00vkbtf98,DE
https://ror.org/00yqed873,SG
https://ror.org/01r8xsy94,DE
https://ror.org/0167rnj42,DE
https://ror.org/026kenw55,DE
https://ror.org/02cyskn39,DE
https://ror.org/04xmnzw38,DE
https://ror.org/05dx5b564,DE
https://ror.org/024xejm70,DE
https://ror.org/051rc7j94,DE
https://ror.org/036f7qt17,DE
https://ror.org/00vd2h880,DE
https://ror.org/05k17x772,DE
https://ror.org/00jw3g525,DE
https://ror.org/03b9q7371,DE
https://ror.org/01bc76c69,DE
https://ror.org/01wp2jz98,DE
https://ror.org/02ge27m07,DE
https://ror.org/05t259f86,DE
https://ror.org/0243j3z07,DE
https://ror.org/04bya8j72,DE
https://ror.org/04ys0ah18,LU
https://ror.org/00wf3sn74,DE
https://ror.org/046nzaj59,DE
https://ror.org/007bw6q41,DE
https://ror.org/04eejsy70,DE
https://ror.org/03t7jd518,DE
https://ror.org/03dyg8x92,DE
https://ror.org/00qffz908,DE
https://ror.org/00gm0aw40,DE
https://ror.org/0291s1e82,DE
https://ror.org/00d0v0049,DE
https://ror.org/004zxvq64,DE
https://ror.org/03eqwj662,DE
https://ror.org/040d40q10,DE
https://ror.org/01r70sq06,DE
https://ror.org/055s1wn27,DE
https://ror.org/02rbfnr22,US
https://ror.org/03crxcn36,DE
https://ror.org/031eq5e98,DE
https://ror.org/036smcz74,DE
https://ror.org/001rdaz60,DE
https://ror.org/02dsdsv34,DE
https://ror.org/0004r6b85,DE
https://ror.org/04j1sr579,DE
https://ror.org/01q6zce06,DE
https://ror.org/03c0qqf32,DE
https://ror.org/00z9cn431,DE
https://ror.org/00g07sz63,DE
https://ror.org/01qjbb734,DE
https://ror.org/03pgn2579,DE
https://ror.org/03z6hnk02,DE
https://ror.org/03z6vda50,DE
https://ror.org/02pnhcc10,DE
https://ror.org/04qbqv677,DE
https://ror.org/00f2wje32,DE
https://ror.org/00xnq7h44,DE
https://ror.org/03ggzay52,DE
https://ror.org/00717c553,DE
https://ror.org/033jd5r25,DE
https://ror.org/015hz7767,IT
https://ror.org/02rqsa469,DE
https://ror.org/04q5vv384,DE
https://ror.org/04qqnyh49,DE
https://ror.org/01526pb12,DE
https://ror.org/04sn8qj61,DE
https://ror.org/04w23p232,DE
https://ror.org/03bthq143,DE
https://ror.org/04vq9c111,DE
https://ror.org/04f8x5b20,DE
https://ror.org/03wf51b65,DE
https://ror.org/003r76697,DE
https://ror.org/03hbmgt12,DE
https://ror.org/0061vr059,DE
https://ror.org/018mejw64,DE
https://ror.org/00j9xkc07,DE
https://ror.org/03kdvpr29,DE
https://ror.org/04y3tyb88,DE
https://ror.org/02szraf30,DE
https://ror.org/02y05ge92,DE
https://ror.org/04580fn28,DE
https://ror.org/02vgg2808,DE
https://ror.org/00yzwtk60,DE
https://ror.org/0086b8v72,DE
https://ror.org/03pzdmy91,DE
https://ror.org/03v0k6341,DE
https://ror.org/030sdwr92,DE
https://ror.org/01pxkj057,DE
https://ror.org/05256tw11,DE
https://ror.org/03w3a0h43,DE
https://ror.org/00qay8a95,DE
https://ror.org/049xxah85,DE
https://ror.org/03tgwp072,DE
https://ror.org/0462w7z59,DE
https://ror.org/03bh13774,DE
https://ror.org/05hkycn11,DE
https://ror.org/01amarv06,DE
https://ror.org/05rrnfe85,DE
https://ror.org/037ydha73,DE
https://ror.org/05n43x964,DE
https://ror.org/01yj5ad85,DE
https://ror.org/01h7vw195,DE
https://ror.org/047h65335,DE
https://ror.org/04kzfg204,DE
https://ror.org/04facpy29,DE
https://ror.org/01qtasp15,DE
https://ror.org/0367m1n91,DE
https://ror.org/05sqrfr79,DE
https://ror.org/01x84xc38,DE
https://ror.org/05aah2q92,US
https://ror.org/05x75gh12,DE
https://ror.org/05jgq9443,DE
https://ror.org/00ghc0f97,DE
https://ror.org/02ak8fm03,DE
https://ror.org/03y02pg02,DE
https://ror.org/046ns5110,DE
https://ror.org/04d92sd36,DE
https://ror.org/04w49ae90,DE
https://ror.org/05eqk2j25,PT
https://ror.org/00y9hdv35,DE
https://ror.org/03ycvrj88,DE
https://ror.org/00yvfbm89,DE
https://ror.org/04qj3gf68,DE
https://ror.org/02jjvb954,DE
https://ror.org/02dfg5n73,GB
https://ror.org/03037cz33,DE
https://ror.org/03bbqn881,DE
https://ror.org/03gw7aq50,DE
https://ror.org/038bzrc91,AT
https://ror.org/02hdve317,DE
https://ror.org/03ccc5z68,DE
https://ror.org/00bwfj843,DE
https://ror.org/00dnfj623,DE
https://ror.org/038rep477,DE
https://ror.org/01v0c1y10,DE
https://ror.org/05dbw7b97,DE
https://ror.org/01hqp1g48,DE
https://ror.org/02d89at43,DE
https://ror.org/03bavdz78,DE
https://ror.org/003aw4c90,DE
https://ror.org/04ky74j22,DE
https://ror.org/03gnnzc77,DE
https://ror.org/031h71w90,DE
https://ror.org/02m7p2c22,DE
https://ror.org/04wb1en98,DE
https://ror.org/0530gbs37,DE
https://ror.org/041w2kh96,DE
https://ror.org/02mdj2060,DE
https://ror.org/026x09x35,DE
https://ror.org/0259fwx54,DE
https://ror.org/02k9k5a61,DE
https://ror.org/04fxab197,DE
https://ror.org/03vw74f64,HU
https://ror.org/016gb1631,HU
https://ror.org/005cqsz63,HU
https://ror.org/057k9q466,HU
https://ror.org/036wvs663,HU
https://ror.org/02pnhwp93,HU
https://ror.org/051ea1411,HU
https://ror.org/0249v7n71,HU
https://ror.org/025m2a107,HU
https://ror.org/04bhfmv97,HU
https://ror.org/006vxbq87,HU
https://ror.org/04ws47v52,HU
https://ror.org/0492k9x16,HU
https://ror.org/036mae937,HU
https://ror.org/004gfgx38,HU
https://ror.org/02hhx7493,HU
https://ror.org/00g30fc48,HU
https://ror.org/04dp46240,ES
https://ror.org/05pnwvj86,ES
https://ror.org/012zh9h13,ES
https://ror.org/040r3xq19,MX
https://ror.org/02jj93564,ES
https://ror.org/03ppnws78,ES
https://ror.org/05e08rb26,FI
https://ror.org/00skbbq95,SE
https://ror.org/04mjpp490,FI
https://ror.org/00jpzvz45,DE
https://ror.org/01vhnrs90,DE
https://ror.org/01y9arx16,DE
https://ror.org/04vh1tq58,DE
https://ror.org/03k9qs827,DE
https://ror.org/023ahcz89,DE
https://ror.org/058xzat49,DE
https://ror.org/04xx1tc24,DE
https://ror.org/04py35477,DE
https://ror.org/0387jng26,DE
https://ror.org/010jaxs89,ES
https://ror.org/03vpj4s62,DE
https://ror.org/055pgv213,DE
https://ror.org/02dh8ja68,DE
https://ror.org/030h7k016,DE
https://ror.org/01vekys64,DE
https://ror.org/05mjrzy91,DE
https://ror.org/0079jjr10,DE
https://ror.org/03ate3e03,DE
https://ror.org/01s1h3j07,DE
https://ror.org/05b8d3w18,DE
https://ror.org/020as7681,DE
https://ror.org/02panr271,DE
https://ror.org/0061msm67,DE
https://ror.org/01bf9rw71,DE
https://ror.org/026stee22,DE
https://ror.org/02967z527,IT
https://ror.org/0534re684,DE
https://ror.org/02h1nk258,DE
https://ror.org/04g6zen34,IT
https://ror.org/02catss52,GB
https://ror.org/04dq56617,DE
https://ror.org/02tbr6331,DE
https://ror.org/04jvemc39,DE
https://ror.org/050589e39,DE
https://ror.org/005bk2339,DE
https://ror.org/02ks53214,DE
https://ror.org/02pp7px91,DE
https://ror.org/000bxzc63,DE
https://ror.org/02a33b393,DE
https://ror.org/05esem239,DE
https://ror.org/000rdbk18,DE
https://ror.org/02385fa51,DE
https://ror.org/051yxp643,DE
https://ror.org/026nmvv73,DE
https://ror.org/01yr73893,IT
https://ror.org/00sb7hc59,DE
https://ror.org/0046gcs23,DE
https://ror.org/02pe2kf23,DE
https://ror.org/04fx38p98,DE
https://ror.org/04a8rd767,DE
https://ror.org/0515m2n86,DE
https://ror.org/0095xwr23,DE
https://ror.org/00pwgnh47,DE
https://ror.org/0087djs12,DE
https://ror.org/0199g0r92,DE
https://ror.org/0492sjc74,DE
https://ror.org/0165r2y73,DE
https://ror.org/03taest98,DE
https://ror.org/01fbde567,DE
https://ror.org/017qcv467,DE
https://ror.org/02f5b7n18,DE
https://ror.org/00e4bwe12,DE
https://ror.org/04fq9j139,DE
https://ror.org/03gj2cq31,DE
https://ror.org/02x1q2477,DE
https://ror.org/0411b0f77,DE
https://ror.org/0080y7t67,DE
https://ror.org/04a7f6w43,DE
https://ror.org/01w19ak89,DE
https://ror.org/03vp67w60,DE
https://ror.org/033198s46,DE
https://ror.org/05r7n9c40,DE
https://ror.org/02mavc002,DE
https://ror.org/040djv263,DE
https://ror.org/02e4p6m45,DE
https://ror.org/052d0h423,DE
https://ror.org/01c997669,DE
https://ror.org/02j6gm739,DE
https://ror.org/02jgyam08,DE
https://ror.org/00671me87,NL
https://ror.org/01dwpbz64,DE
https://ror.org/00bj0r217,DE
https://ror.org/00ez2he07,DE
https://ror.org/044g3zk14,DE
https://ror.org/00ygt2y02,DE
https://ror.org/03zcpvf19,DE
https://ror.org/03vyq6t71,DE
https://ror.org/02kfzvh91,DE
https://ror.org/04rhq3086,DE
https://ror.org/004n2nr09,DE
https://ror.org/00trw9c49,DE
https://ror.org/0271asj38,IE
https://ror.org/0471xye93,IE
https://ror.org/043kppn11,SE
https://ror.org/00ajvsd91,SE
https://ror.org/01f0prq08,SE
https://ror.org/03f0f6041,AU
https://ror.org/03m3ca021,ES
https://ror.org/048r72142,NZ
https://ror.org/02r276210,AU
https://ror.org/0499yp070,AU
https://ror.org/03yvdgx21,CH
https://ror.org/013ys5k90,CO
https://ror.org/026bv4494,US
https://ror.org/055k73q58,CO
https://ror.org/055mabf46,CO
https://ror.org/02aswf736,FR
https://ror.org/04032fz76,PT
https://ror.org/05hz4mv11,PT
https://ror.org/03gsfpp62,PT
https://ror.org/014837179,PT
https://ror.org/027065c48,PT
https://ror.org/0235kxk33,PT
https://ror.org/00k6r3f30,PT
https://ror.org/04f761z39,PT
https://ror.org/010dvvh94,PT
https://ror.org/02rv3w387,PT
https://ror.org/0520sdq60,ES
https://ror.org/03bvw9g02,PT
https://ror.org/00snfqn58,PT
https://ror.org/004s18446,PT
https://ror.org/02bbx2g30,PT
https://ror.org/04ehtgm24,PT
https://ror.org/010bsbc18,PT
https://ror.org/01bvjz807,PT
https://ror.org/0448qsq10,PT
https://ror.org/01sp7nd78,PT
https://ror.org/02463v873,PT
https://ror.org/05wm6p530,PT
https://ror.org/03w6kry90,PT
https://ror.org/0025r1k74,PT
https://ror.org/01ryrwk91,PT
https://ror.org/03c3y8w73,PT
https://ror.org/01xdt7541,PT
https://ror.org/02nr1jd69,PT
https://ror.org/03wm7z656,CA
https://ror.org/0430zw506,CA
https://ror.org/00qxr8t08,CA
https://ror.org/04e0pwy27,GR
https://ror.org/034tvnv21,GR
https://ror.org/03skdv165,GR
https://ror.org/01rk3xf02,GR
https://ror.org/013x0ky90,GR
https://ror.org/035cy3r13,GR
https://ror.org/04hwbg047,AT
https://ror.org/03anc3s24,AT
https://ror.org/02d0kps43,AT
https://ror.org/03jmahf97,BE
https://ror.org/05bcgdd94,CZ
https://ror.org/04vtzcr32,CZ
https://ror.org/03tp8z347,CZ
https://ror.org/0143w7709,CZ
https://ror.org/00angvn73,CZ
https://ror.org/0415vcw02,CZ
https://ror.org/057br4398,CZ
https://ror.org/04jymbd90,CZ
https://ror.org/03fvq2a72,CZ
https://ror.org/01hxbnq19,CZ
https://ror.org/02d02f052,CZ
https://ror.org/0157za327,CZ
https://ror.org/01v5hek98,CZ
https://ror.org/02sat5y74,CZ
https://ror.org/009wryk55,CZ
https://ror.org/027taah18,CZ
https://ror.org/033n3pw66,CZ
https://ror.org/03h1hsz49,CZ
https://ror.org/04nfjn472,CZ
https://ror.org/02d3n7h84,CZ
https://ror.org/05xw0ep96,CZ
https://ror.org/01hsjcv06,CZ
https://ror.org/03qqnc658,CZ
https://ror.org/02e8b2r87,CZ
https://ror.org/02w4f2z17,CZ
https://ror.org/03kqpb082,CZ
https://ror.org/05x8mcb75,CZ
https://ror.org/00a6yph09,CZ
https://ror.org/036zr1b90,CZ
https://ror.org/00pyqav47,CZ
https://ror.org/02xz6bf62,CZ
https://ror.org/04arkmn57,CZ
https://ror.org/03rqbe322,CZ
https://ror.org/0436mv865,CZ
https://ror.org/02jtk7k02,CZ
https://ror.org/00n6rde07,CZ
https://ror.org/034cj1z12,CZ
https://ror.org/04ftj7e51,CZ
https://ror.org/04rk6w354,CZ
https://ror.org/0270ceh40,CZ
https://ror.org/009e9xr64,CZ
https://ror.org/042jnea65,CZ
https://ror.org/01dq60k83,JP
https://ror.org/03tgsfw79,JP
https://ror.org/03zyp6p76,JP
https://ror.org/00msqp585,JP
https://ror.org/00y5zsg21,SI
https://ror.org/05aw7p057,SI
https://ror.org/05xefg082,SI
https://ror.org/01nwz9n42,SI
https://ror.org/030dahd49,SI
https://ror.org/01h8mzz32,SI
https://ror.org/03m7rw736,SI
https://ror.org/03xry4v27,SI
https://ror.org/046wccx89,SI
https://ror.org/03761pf32,SI
https://ror.org/01zx97922,DE
https://ror.org/03ebbfh95,DE
https://ror.org/020n3fw10,DE
https://ror.org/024ape423,DE
https://ror.org/031aqk326,DE
https://ror.org/04q5rka56,DE
https://ror.org/02afjh072,DE
https://ror.org/04farme71,DE
https://ror.org/03wq67h32,DE
https://ror.org/0083ncs46,DE
https://ror.org/05e8ym512,SE
https://ror.org/01jq9hd27,SE
https://ror.org/00pbfkr44,SE
https://ror.org/00rs6vg23,US
https://ror.org/032v9er22,NO
https://ror.org/02gagpf75,NO
https://ror.org/043zemc40,NO
https://ror.org/01pznaa94,NO
https://ror.org/05fdt2q64,NO
https://ror.org/052dy9793,NO
https://ror.org/042s03372,NO
https://ror.org/04evj0n95,SI
https://ror.org/02xztm077,SI
https://ror.org/03s5t0r17,SI
https://ror.org/0232eqz57,SI
https://ror.org/053avzc18,CZ
https://ror.org/02s83b296,CN
https://ror.org/057jrqr44,GB
https://ror.org/020jfw620,GB
https://ror.org/03b8f3736,GB
https://ror.org/02x80b031,GB
https://ror.org/00z20c921,GB
https://ror.org/04tvt8c73,GB
https://ror.org/05v7fvh88,GB
https://ror.org/012m8gv78,LU
https://ror.org/05e0vkr08,LU
https://ror.org/05q84se63,SE
https://ror.org/02dxpep57,SE
https://ror.org/00wz4b049,DE
https://ror.org/029ecwj92,CZ
https://ror.org/00yzpcc69,CZ
https://ror.org/04hp42s89,CZ
https://ror.org/0483qx226,DE
https://ror.org/047s2c258,US
https://ror.org/02vm5rt34,US
https://ror.org/03taz7m60,US
https://ror.org/00hj8s172,US
https://ror.org/00za53h95,US
https://ror.org/05hs6h993,US
https://ror.org/00hx57361,US
https://ror.org/05ect4e57,US
https://ror.org/03czfpz43,US
https://ror.org/028070c57,DE
https://ror.org/03v958f45,DE
https://ror.org/04rekk491,DE
https://ror.org/01j818n92,DE
https://ror.org/05hwfvk38,US
https://ror.org/01mmady97,DE
https://ror.org/01jty7g66,DE
https://ror.org/0163xqp73,DE
https://ror.org/05ver4491,DE
https://ror.org/043yx1v14,DE
https://ror.org/04fjkxc67,DE
https://ror.org/01hwhm419,DE
https://ror.org/04fdat027,DE
https://ror.org/0327sr118,DE
https://ror.org/02y910088,DE
https://ror.org/02r8sh830,DE
https://ror.org/054vkyc79,DE
https://ror.org/010qwhr53,DE
https://ror.org/03tqh5n18,SE
https://ror.org/04hsa7a08,DE
https://ror.org/048gb8814,DE
https://ror.org/00q236z92,DE
https://ror.org/03t7d6q88,DE
https://ror.org/01j2dwr66,DE
https://ror.org/048yn7628,DE
https://ror.org/05nn38891,DE
https://ror.org/042xxdh20,DE
https://ror.org/02r724415,DE
https://ror.org/048ks4z66,DE
https://ror.org/00xdvw685,DE
https://ror.org/017faj253,AT
https://ror.org/038fwdn76,DE
https://ror.org/044rf5p19,DE
https://ror.org/05jw2mx52,DE
https://ror.org/0092mfq48,DE
https://ror.org/01f5b8367,DE
https://ror.org/010fzp376,DE
https://ror.org/026c3xn33,DE
https://ror.org/00bxsm637,DE
https://ror.org/01j780996,DE
https://ror.org/00zayq578,DE
https://ror.org/01z6gk692,DE
https://ror.org/04tenkb98,DE
https://ror.org/05f8we715,DE
https://ror.org/01n6mms53,DE
https://ror.org/03k5dfv06,DE
https://ror.org/05kw00716,DE
https://ror.org/02qbcmz19,DE
https://ror.org/04435ns27,US
https://ror.org/01mx1hz05,US
https://ror.org/00gsyt497,AT
https://ror.org/04wqsqf86,DE
https://ror.org/03np4e098,NO
https://ror.org/01a4hbq44,NO
https://ror.org/0191b3351,NO
https://ror.org/05m6y3182,NO
https://ror.org/015rzvz05,NO
https://ror.org/00pk1yr39,NO
https://ror.org/023jta124,NO
https://ror.org/0098gnz32,NO
https://ror.org/01js4x705,FI
https://ror.org/002qv2715,SE
https://ror.org/01v4pc162,SE
https://ror.org/00ht4dp10,SE
https://ror.org/038wqs208,SE
https://ror.org/0001fmy77,IT
https://ror.org/043bgf219,IT
https://ror.org/02d8v0v24,IT
https://ror.org/04gqx4x78,IT
https://ror.org/03svwq685,IT
https://ror.org/04vc81p87,IT
https://ror.org/01e6ksd91,IT
https://ror.org/04cw6st05,GB
https://ror.org/043jzw605,GB
https://ror.org/03svjbs84,GB
https://ror.org/033byn085,GB
https://ror.org/048kc0s52,GB
https://ror.org/02f9n2c91,GB
https://ror.org/02q3bak66,GB
https://ror.org/01462r250,CH
https://ror.org/013tf3c58,AT
https://ror.org/04rq5mt64,US
https://ror.org/000e0be47,US
https://ror.org/01kg8sb98,US
https://ror.org/016ncsr12,FR
https://ror.org/05kpkpg04,FR
https://ror.org/00mthsf17,FR
https://ror.org/00bq8vv83,FR
https://ror.org/000axn811,FR
https://ror.org/00pg5jh14,FR
https://ror.org/01502ca60,FR
https://ror.org/041rhpw39,FR
https://ror.org/01cmnjq37,FR
https://ror.org/05qec5a53,FR
https://ror.org/02fsd1928,FR
https://ror.org/05fe7ax82,FR
https://ror.org/03k1bsr36,FR
https://ror.org/01b8h3982,FR
https://ror.org/03zx86w41,FR
https://ror.org/010567a58,FR
https://ror.org/02ppyfa04,FR
https://ror.org/04bckew43,FR
https://ror.org/017h5q109,FR
https://ror.org/002t25c44,FR
https://ror.org/002cp4060,FR
https://ror.org/05s6rge65,FR
https://ror.org/0349y2q65,FR
https://ror.org/02dga6j42,FR
https://ror.org/01g1pe685,FR
https://ror.org/054qv7y42,FR
https://ror.org/0275ye937,FR
https://ror.org/04k031t90,FR
https://ror.org/05q65zh81,FR
https://ror.org/04zmssz18,FR
https://ror.org/03xfq7a50,FR
https://ror.org/02nwvxz07,FR
https://ror.org/03x42jk29,FR
https://ror.org/04cdk4t75,FR
https://ror.org/01p6yxw64,FR
https://ror.org/01hq89f96,FR
https://ror.org/00mfpxb84,FR
https://ror.org/02550n020,FR
https://ror.org/05q0ncs32,FR
https://ror.org/04mv1z119,FR
https://ror.org/01jbb3w63,FR
https://ror.org/04ezk3x31,FR
https://ror.org/04kkyet53,FR
https://ror.org/04t0gwh46,FR
https://ror.org/01m6as704,FR
https://ror.org/02jrgcx64,NC
https://ror.org/05qsjq305,FR
https://ror.org/0321g0743,FR
https://ror.org/04ex24z53,FR
https://ror.org/00qhdy563,FR
https://ror.org/00nb39k71,GF
https://ror.org/05b5c0584,FR
https://ror.org/009gmrj52,FR
https://ror.org/03nh7d505,FR
https://ror.org/0438wbg98,FR
https://ror.org/00jpq0w62,FR
https://ror.org/01ha22c77,FR
https://ror.org/00wk3s644,FR
https://ror.org/01c7wz417,FR
https://ror.org/02f08fz18,FR
https://ror.org/03evbwn87,FR
https://ror.org/00ghzk478,FR
https://ror.org/0376kfa34,MQ
https://ror.org/04yvax419,FR
https://ror.org/050ra0n32,FR
https://ror.org/04pn6vp43,FR
https://ror.org/05hnb7x64,FR
https://ror.org/0471kz689,FR
https://ror.org/03az79194,FR
https://ror.org/01dg85j68,FR
https://ror.org/02r084d93,GF
https://ror.org/01yezas83,FR
https://ror.org/00yphhr71,FR
https://ror.org/01b5nw197,FR
https://ror.org/040hhjv66,FR
https://ror.org/00pjqzf38,FR
https://ror.org/03pa87f90,FR
https://ror.org/034yrjf77,FR
https://ror.org/05hmfw828,FR
https://ror.org/02pwnhd33,FR
https://ror.org/04s3t1g37,FR
https://ror.org/029rzwj76,FR
https://ror.org/03ay59x86,PF
https://ror.org/01g80gk13,FR
https://ror.org/045cwqj90,FR
https://ror.org/01xtjs520,FR
https://ror.org/04a0dbe36,ES
https://ror.org/05wa62164,ES
https://ror.org/01wbg2c90,ES
https://ror.org/03tzyrt94,ES
https://ror.org/03562fh87,PT
https://ror.org/019yg0716,PT
https://ror.org/04zc40243,PT
https://ror.org/01md5nh91,KE
https://ror.org/02kpeqv85,JP
https://ror.org/02evnh647,JP
https://ror.org/00ws30h19,JP
https://ror.org/04cd75h10,JP
https://ror.org/02x73b849,JP
https://ror.org/01529vy56,JP
https://ror.org/0244rem06,JP
https://ror.org/02278tr80,JP
https://ror.org/02qg15b79,JP
https://ror.org/059x21724,JP
https://ror.org/0516ah480,JP
https://ror.org/03mchdq19,DK
https://ror.org/03vvy0v27,DK
https://ror.org/01dtyv127,DK
https://ror.org/003gkfx86,DK
https://ror.org/0290a6k23,DK
https://ror.org/02asy9212,DK
https://ror.org/0247ay475,DK
https://ror.org/00q5xgh71,DK
https://ror.org/05hbrxp80,IL
https://ror.org/058nry849,IL
https://ror.org/00ge2jh15,IL
https://ror.org/004af2v94,IL
https://ror.org/05qz2dz14,IL
https://ror.org/0361c8163,IL
https://ror.org/05atez085,IL
https://ror.org/011aa4g29,IL
https://ror.org/02prqh017,IL
https://ror.org/0349v4t59,IL
https://ror.org/03d7p8g51,IL
https://ror.org/05kzfa883,KR
https://ror.org/04qzfn040,ZA
https://ror.org/02svzjn28,ZA
https://ror.org/00h2vm590,ZA
https://ror.org/05ey7mm31,ZA
https://ror.org/054r97095,ZA
https://ror.org/0327f2m07,IT
https://ror.org/0338xea48,ZA
https://ror.org/003hsr719,ZA
https://ror.org/0303y7a51,ZA
https://ror.org/01kn7bc28,ZA
https://ror.org/01nr6fy72,SI
https://ror.org/01r0c1p88,US
https://ror.org/00thqtb16,US
https://ror.org/05gxnyn08,US
https://ror.org/046z54t28,US
https://ror.org/02s1hvj37,US
https://ror.org/04yrkc140,US
https://ror.org/049hrzs50,US
https://ror.org/01hy4qx27,US
https://ror.org/05sv6pg41,US
https://ror.org/02rh4fw73,US
https://ror.org/04161kh40,US
https://ror.org/00n9fkm63,US
https://ror.org/03mnm0t94,US
https://ror.org/05s9f4d27,US
https://ror.org/04d5mb615,US
https://ror.org/05f8d4e86,CA
https://ror.org/010gxg263,CA
https://ror.org/05ww3wq27,CA
https://ror.org/05w4ste42,CA
https://ror.org/029tnqt29,CA
https://ror.org/03grc6f14,CA
https://ror.org/059ncap70,CA
https://ror.org/0131d6623,CA
https://ror.org/007y6q934,CA
https://ror.org/04dwckp88,US
https://ror.org/011pqxa69,CA
https://ror.org/02mqrrm75,CA
https://ror.org/052y05165,CA
https://ror.org/046nfbs12,CA
https://ror.org/04013rx15,CA
https://ror.org/05g7knd32,CZ
https://ror.org/04jgqpc26,SK
https://ror.org/049bjee35,CZ
https://ror.org/05pq4yn02,CZ
https://ror.org/04dea3c58,CZ
https://ror.org/00qq1fp34,CZ
https://ror.org/028txef36,CZ
https://ror.org/030n38z97,SK
https://ror.org/03k7bde87,TR
https://ror.org/02tv7db43,TR
https://ror.org/013s3zh21,TR
https://ror.org/0468j1635,TR
https://ror.org/052nzqz14,TR
https://ror.org/011y7xt38,TR
https://ror.org/045hgzm75,TR
https://ror.org/05mskc574,TR
https://ror.org/053f2w588,TR
https://ror.org/01m59r132,TR
https://ror.org/013sqra93,TR
https://ror.org/037jwzz50,TR
https://ror.org/01dvabv26,TR
https://ror.org/03te4vd35,TR
https://ror.org/04ttnw109,TR
https://ror.org/02zcjqq51,TR
https://ror.org/026db3d50,TR
https://ror.org/00t7bpe49,TR
https://ror.org/05rrfpt58,TR
https://ror.org/00sbx0y13,TR
https://ror.org/04175wc52,TR
https://ror.org/01x8m3269,TR
https://ror.org/00gcgqv39,TR
https://ror.org/015scty35,TR
https://ror.org/01nkhmn89,TR
https://ror.org/05ptwtz25,TR
https://ror.org/02s4gkg68,TR
https://ror.org/05jstgx72,TR
https://ror.org/03a1crh56,TR
https://ror.org/03z8fyr40,TR
https://ror.org/01fcvkv23,TR
https://ror.org/028k5qw24,TR
https://ror.org/05wxkj555,TR
https://ror.org/019jds967,TR
https://ror.org/01zx17h33,TR
https://ror.org/00pkvys92,TR
https://ror.org/037vvf096,TR
https://ror.org/05j1qpr59,TR
https://ror.org/038pb1155,TR
https://ror.org/01etz1309,TR
https://ror.org/05teb7b63,TR
https://ror.org/04tah3159,TR
https://ror.org/054d5vq03,TR
https://ror.org/01rpe9k96,TR
https://ror.org/02eq60031,TR
https://ror.org/04v302n28,TR
https://ror.org/022xhck05,TR
https://ror.org/02h1e8605,TR
https://ror.org/01wmq0x68,TR
https://ror.org/017bbc354,TR
https://ror.org/0188hvh39,TR
https://ror.org/03tg3eb07,TR
https://ror.org/03gn5cg19,TR
https://ror.org/01zhwwf82,TR
https://ror.org/02dzjmc73,TR
https://ror.org/057qfs197,TR
https://ror.org/051tsqh55,TR
https://ror.org/02x8svs93,CY
https://ror.org/054341q84,TR
https://ror.org/01w9wgg77,TR
https://ror.org/0257dtg16,TR
https://ror.org/05szaq822,TR
https://ror.org/02brte405,TR
https://ror.org/00r9t7n55,TR
https://ror.org/04fjtte88,TR
https://ror.org/03h8sa373,TR
https://ror.org/00jb0e673,TR
https://ror.org/03rdpn141,TR
https://ror.org/009axq942,TR
https://ror.org/050ed7z50,TR
https://ror.org/056wqre19,TR
https://ror.org/02sbnnp08,TR
https://ror.org/0397szj42,TR
https://ror.org/01x18ax09,TR
https://ror.org/00dzfx204,TR
https://ror.org/040zce739,TR
https://ror.org/010t24d82,TR
https://ror.org/04xk0dc21,TR
https://ror.org/03jtrja12,TR
https://ror.org/04v8ap992,TR
https://ror.org/02wcpmn42,TR
https://ror.org/03n7yzv56,TR
https://ror.org/01rp2a061,TR
https://ror.org/00pv8s374,TR
https://ror.org/049xhb141,TR
https://ror.org/00mm4ys28,TR
https://ror.org/01v2xem26,TR
https://ror.org/04z33a802,TR
https://ror.org/00qsyw664,TR
https://ror.org/04a94ee43,TR
https://ror.org/02mtr7g38,TR
https://ror.org/05v0p1f11,TR
https://ror.org/04wy7gp54,TR
https://ror.org/054g2pw49,TR
https://ror.org/054y2mb78,TR
https://ror.org/004dg2369,TR
https://ror.org/00xf89h18,TR
https://ror.org/0174skq71,TR
https://ror.org/02v3kkq53,TR
https://ror.org/0396cd675,TR
https://ror.org/042ejbk14,TR
https://ror.org/004ah3r71,TR
https://ror.org/05jvrwv37,TR
https://ror.org/02hmy9x20,TR
https://ror.org/00xvwpq40,TR
https://ror.org/048b6qs33,TR
https://ror.org/030xrqd09,TR
https://ror.org/03dcvf827,TR
https://ror.org/02y5xdw18,TR
https://ror.org/03natay60,TR
https://ror.org/04dj8ng22,TR
https://ror.org/04mma4681,TR
https://ror.org/00nddb461,TR
https://ror.org/00tabsj08,TR
https://ror.org/04fbjgg20,TR
https://ror.org/055p14r26,TR
https://ror.org/04e9czp26,TR
https://ror.org/00aqt9352,TR
https://ror.org/05msvfx67,TR
https://ror.org/03p6h3k49,TR
https://ror.org/014bh1q35,TR
https://ror.org/01fqrjt38,PT
https://ror.org/0498ekt05,BR
https://ror.org/03gz60y52,PT
https://ror.org/011zg5725,PT
https://ror.org/0431sk359,GB
https://ror.org/0361bwx64,GB
https://ror.org/047ck1j35,GB
https://ror.org/04ke6ht85,GB
https://ror.org/023fje098,GB
https://ror.org/042ver755,GB
https://ror.org/059hhvg49,GB
https://ror.org/02syy7986,NO
https://ror.org/036dwbr90,NO
https://ror.org/039kcn609,NO
https://ror.org/0305fjd69,NO
https://ror.org/02rjj7s91,SI
https://ror.org/014z5x149,SI
https://ror.org/036je1b38,FI
https://ror.org/00dde9829,FI
https://ror.org/04wkq2s46,FI
https://ror.org/01qdmn762,FI
https://ror.org/033z08192,ZA
https://ror.org/017p87168,ZA
https://ror.org/03dmz0111,UG
https://ror.org/03xww6m08,MD
https://ror.org/01bkn5154,UG
https://ror.org/00jdryp44,TZ
https://ror.org/0595gz585,ET
https://ror.org/0479aed98,TZ
https://ror.org/04vtx5s55,MW
https://ror.org/05g3mes96,LV
https://ror.org/04nxkaq16,IT
https://ror.org/04vd28p53,IT
https://ror.org/059m1v232,DE
https://ror.org/051prj435,CA
https://ror.org/005ta0471,IT
https://ror.org/01h494015,CZ
https://ror.org/04bdffz58,US
https://ror.org/05x2bcf33,US
https://ror.org/00fc1qt65,US
https://ror.org/0053n5071,US
https://ror.org/05sjwtp51,US
https://ror.org/017c6at71,US
https://ror.org/02g7kd627,US
https://ror.org/012dg8a96,US
https://ror.org/05f950310,BE
https://ror.org/01q9sj412,CH
https://ror.org/035vb3h42,CH
https://ror.org/02nhqek82,CH
https://ror.org/04k51q396,CH
https://ror.org/05a353079,CH
https://ror.org/04h670p07,CH
https://ror.org/01db6h964,IS
https://ror.org/011k7k191,IS
https://ror.org/035s3f323,IS
https://ror.org/03wxxbs05,HU
https://ror.org/00r151p09,HU
https://ror.org/03fz57f90,HU
https://ror.org/01gpjfw56,HU
https://ror.org/03vqk1b90,HU
https://ror.org/03efbq855,HU
https://ror.org/00xa57a59,RS
https://ror.org/01jsgmp44,HU
https://ror.org/044d35368,HU
https://ror.org/051mrhb02,HU
https://ror.org/03n9qzd79,HU
https://ror.org/05q8jhf15,HU
https://ror.org/01bhwqa64,RO
https://ror.org/026gdz537,RO
https://ror.org/02ndfsn03,SK
https://ror.org/05yj5ep86,RO
https://ror.org/05g7qp006,IT
https://ror.org/0378g3743,GB
https://ror.org/00vbvha87,GB
https://ror.org/05s24hr53,ES
https://ror.org/041nk4h53,US
https://ror.org/00cwqg982,GB
https://ror.org/00874hx02,GB
https://ror.org/018cxtf62,GB
https://ror.org/04td3ys19,GB
https://ror.org/00v9vte73,SE
https://ror.org/0192yj155,CN
https://ror.org/0356cst02,CN
https://ror.org/00b4mx203,CN
https://ror.org/030vmwa78,CN
https://ror.org/050spgz68,CN
https://ror.org/05qbk4x57,CN
https://ror.org/04w5etv87,CN
https://ror.org/003n8re58,CN
https://ror.org/04t1cdb72,CN
https://ror.org/02jkmyk67,CN
https://ror.org/022syn853,CN
https://ror.org/02rz58g17,CN
https://ror.org/02aee5m12,CN
https://ror.org/00qae8971,CN
https://ror.org/047yhep71,CN
https://ror.org/05skxkv18,CN
https://ror.org/02j0gyf89,CN
https://ror.org/03j7v5j15,CN
https://ror.org/02e5hx313,CN
https://ror.org/03v8tnc06,CN
https://ror.org/04ndjyr10,CN
https://ror.org/01tyv8576,CN
https://ror.org/05hr3ch11,CN
https://ror.org/03m0vk445,CN
https://ror.org/02f42pw58,CN
https://ror.org/01xqdxh54,CN
https://ror.org/030bhh786,CN
https://ror.org/046n0zq43,CN
https://ror.org/05swz5441,NO
https://ror.org/051samc18,GB
https://ror.org/05bx1gz93,JP
https://ror.org/03hv1ad10,JP
https://ror.org/03gz5xp73,JP
https://ror.org/01bkx5q50,GR
https://ror.org/02vv5y108,IT
https://ror.org/008wzdf98,FI
https://ror.org/05a49e175,GB
https://ror.org/00ee9xb13,NO
https://ror.org/05t76y454,NO
https://ror.org/054zyxm40,SI
https://ror.org/02agqkc58,KH
https://ror.org/034msqq35,CA
https://ror.org/01vzx5p25,DE
https://ror.org/057ewhh68,US
https://ror.org/01cfpzw88,JP
https://ror.org/005q8d646,SI
https://ror.org/03nadks56,LV
https://ror.org/00mxv8r67,LV
https://ror.org/01encsj80,BW
